股票代码,股票名称,D-0日期,N1,N2,D-y振幅,D-x振幅,D-y~D-0区间涨幅,D-y~D-0区间振幅,D-0振幅,D+1(低/高),D+2最高价,D+3最高价,D+4最高价,D+5最高价,D+6最高价,D+7最高价,D+8最高价
600010,包钢股份,2025-07-30,8,3,6.32,13.1,53.68%,50.0%,9.81,-8%/-1%(阴),-9%,-13%,-11%,-11%,-9%,-11%,-10%
600026,中远海能,2013-09-09,3,5,10.17,11.06,41.81%,42.09%,10.31,2%/9%(板),20%,9%,3%,1%,0%,-3%,-1%
600048,保利发展,2008-07-09,8,1,12.52,11.4,36.93%,39.46%,6.56,-3%/8%(阳),2%,0%,-2%,-15%,-14%,-16%,-10%
600053,*ST九鼎,2024-10-08,3,4,11.0,10.0,60.32%,61.34%,9.58,-9%/-6%(阴),-12%,-19%,-17%,-17%,-20%,-18%,-15%
600078,澄星股份,2008-12-10,3,2,11.41,10.62,45.44%,46.89%,11.62,-2%/2%(阴),-1%,-1%,6%,6%,6%,6%,3%
600084,*ST尼雅,2006-05-15,4,3,19.32,15.14,61.36%,70.45%,9.3,5%/9%(板),20%,14%,13%,17%,10%,12%,20%(板)
600085,同仁堂,2015-12-21,7,1,9.68,10.42,44.13%,43.81%,9.63,-1%/5%(阴),9%,-1%,-4%,0%,6%,3%,9%
600096,云天化,2021-06-11,7,3,10.75,8.05,52.26%,53.01%,10.64,-4%/1%(阴),-1%,1%,-2%,-8%,0%,0%,6%
600097,开创国际,2007-08-13,7,1,10.5,11.53,23.5%,29.75%,13.59,-5%/6%(阴),5%(板),9%,5%,4%,0%,4%,0%
600098,广州发展,2015-08-13,3,2,9.13,8.43,33.17%,32.31%,11.12,-1%/5%(阴),10%(板),12%,4%,3%,-6%,-12%,-26%
600102,未找到标的,2009-08-07,8,3,11.94,11.04,58.57%,60.51%,2.05,-9%/0%(阴),-7%,-8%,-8%,-6%,-9%,-11%,-10%
600105,永鼎股份,2026-04-10,3,1,7.25,6.39,37.35%,34.61%,11.89,-3%/3%(阳),1%,5%,6%,11%,15%,11%,19%(板)
600108,亚盛集团,2007-04-30,3,4,11.16,7.8,62.68%,63.8%,14.02,3%/10%(板),20%,11%,13%,8%,6%,3%,7%
600109,国金证券,2007-07-13,5,3,15.23,10.91,51.59%,56.82%,10.88,-9%/1%(阴),-9%,-9%,-7%,-5%,4%,8%(板),17%
600111,北方稀土,2009-03-12,7,5,11.7,9.12,20.26%,32.45%,12.07,-2%/3%(阴),9%,11%,16%,13%,19%,21%,14%
600112,*ST天成,2015-08-13,3,2,10.02,1.27,53.13%,53.13%,13.27,1%/8%(阴),7%,5%,-3%,-7%,-16%,-25%,-34%
600116,三峡水利,2016-01-26,8,4,12.52,11.87,12.09%,35.61%,0.38,-9%/-1%(阴),0%,-6%,-8%,-17%,-19%,-12%(板),-8%
600127,金健米业,2008-04-28,8,1,13.49,3.87,22.41%,32.16%,13.51,-5%/0%(阴),5%,8%,4%,3%,3%,9%,14%
600132,重庆啤酒,2012-02-23,4,3,11.8,10.37,47.19%,49.0%,10.99,-9%/4%(阴),-1%,-4%,-3%,-4%,-5%,-5%,-8%
600145,退市新亿,2007-08-15,8,2,12.7,10.41,30.68%,33.38%,9.9,-3%/10%(阴),1%,-1%,5%,6%,9%,7%,9%(板)
600146,退市环球,2019-02-22,4,3,8.15,10.6,38.37%,36.58%,9.79,11%/10%(板),21%,8%,6%,14%,17%,16%,26%
600148,长春一东,2017-07-24,7,3,11.75,12.23,36.8%,38.53%,10.63,-3%/2%(阴),4%,3%,-1%,-4%,-2%,-8%,-11%
600149,廊坊发展,2014-03-11,6,2,9.93,11.15,49.08%,49.08%,13.98,-2%/9%(阳),4%,0%,-1%,2%,12%,15%,9%
600149,廊坊发展,2014-04-09,5,2,10.42,13.07,50.69%,51.16%,12.33,-3%/4%(阳),0%,6%,6%,4%,3%,-3%,-9%
600158,中体产业,2009-03-18,3,4,10.14,13.08,41.49%,41.62%,12.18,-1%/5%(阳),4%,8%,7%,2%,2%,4%,-1%
600178,东安动力,2015-08-12,3,5,11.84,10.04,37.09%,38.9%,11.86,-2%/10%(板),13%,16%,13%,6%,1%,-3%,-14%
600186,莲花控股,2018-11-12,6,1,11.3,10.0,23.73%,24.86%,10.55,-2%/9%(阳),5%,5%,3%,0%,-2%,3%,2%
600187,*ST国中,2025-02-21,4,1,5.77,10.25,20.19%,17.63%,9.68,-3%/8%(阳),3%,1%,-1%,-3%,-4%,-5%,-5%
600190,退市锦港,2019-03-26,8,1,9.26,11.83,36.11%,35.49%,17.46,-6%/9%(阳),8%,-4%,-2%,-2%,-4%,-3%,-3%
600209,未找到标的,2008-12-03,3,5,11.4,10.96,28.07%,29.39%,10.57,0%/9%(阴),6%,5%,6%,4%,4%,0%,-5%
600213,*ST亚星,2022-05-27,5,3,10.02,14.16,58.8%,58.8%,15.32,0%/9%(板),5%,3%,4%(板),3%,-6%,-8%,-12%
600213,*ST亚星,2022-12-19,8,3,10.19,10.09,26.04%,26.27%,8.48,-3%/10%(板),20%,21%(板),21%,18%,15%,8%,8%
600218,全柴动力,2012-12-07,3,1,11.0,12.74,23.77%,29.84%,12.25,-3%/0%(阴),-3%,-1%,-2%,-2%,5%,0%,0%
600227,赤天化,2026-08-28,5,1,11.73,13.12,34.31%,36.07%,11.06,3%/10%(板),18%,14%,6%,3%,2%,8%(板),16%
600230,沧州大化,2008-02-20,4,1,7.4,8.33,54.56%,51.95%,9.83,-2%/3%(阳),3%,0%,2%,-3%,3%,12%,16%
600234,科新发展,2014-06-09,4,3,11.65,12.52,48.33%,49.95%,13.19,-4%/3%(阳),10%,16%,10%,8%,8%,0%,-2%
600258,首旅酒店,2008-09-24,5,2,12.82,4.86,25.64%,28.48%,13.79,-3%/3%(阴),-2%,-12%,-17%,-21%,-22%,-28%,-34%
600283,钱江水利,2006-05-19,7,3,9.54,10.82,50.12%,49.63%,13.8,1%/7%(阳),0%,-5%,-7%,-4%,-3%,0%,0%
600303,曙光股份,2011-09-21,5,4,9.38,9.67,38.24%,37.66%,11.83,-4%/1%(阴),-2%,-1%,-4%,-6%,-9%,-12%,-11%
600313,农发种业,2020-03-30,8,1,15.91,12.28,26.95%,32.79%,10.99,-4%/9%(板),20%,14%,17%,19%,19%,14%,9%
600318,新力金融,2022-02-23,4,1,12.07,7.26,28.78%,30.86%,12.75,-4%/8%(阳),8%,6%,0%,3%,2%,-2%,-6%
600336,澳柯玛,2008-02-18,6,2,10.12,12.72,19.76%,28.35%,11.03,-1%/1%(阴),4%,3%,1%,2%,-2%,-3%,-1%
600343,航天动力,2015-08-07,3,2,10.26,10.0,26.84%,31.89%,12.37,0%/9%(阳),14%,14%,10%,11%,11%,8%,4%
600343,航天动力,2021-01-20,3,1,11.75,12.6,21.81%,23.61%,11.24,-3%/0%(阳),2%,1%,-8%,-12%,-14%,-15%,-13%
600348,华阳股份,2021-07-26,3,5,9.71,7.52,58.26%,57.97%,5.24,-9%/2%(阴),-2%,-1%,-4%,-12%,-15%,-12%,-9%
600353,旭光电子,2024-10-28,8,4,6.85,9.26,35.19%,38.69%,8.68,-5%/9%(阳),13%(板),24%,21%,9%,11%,8%,4%
600353,旭光电子,2024-10-30,4,1,9.26,8.68,48.92%,48.15%,12.77,-3%/9%(阳),7%,-4%,-2%,-5%,-8%,-7%,1%
600353,旭光电子,2026-06-11,5,4,11.42,12.65,33.01%,37.49%,11.98,-4%/7%(阴),5%(板),15%(板),27%(板),40%(板),54%(板),67%,79%
600354,敦煌种业,2019-05-17,3,3,17.14,15.7,41.55%,48.59%,13.32,-9%/0%(阴),-10%,-5%(板),-3%,-8%,-12%,-5%(板),5%(板)
600358,国旅联合,2006-06-06,5,5,0.0,10.53,24.01%,34.73%,10.12,-9%/3%(阴),-11%,-12%,-25%,-26%,-27%,-27%,-23%
600362,江西铜业,2006-05-15,4,4,2.8,3.8,65.44%,61.49%,13.22,-9%/-5%(阴),-14%,-21%,-24%,-31%,-30%,-27%,-31%
600362,江西铜业,2009-03-20,7,2,8.09,8.82,46.81%,44.9%,7.54,-2%/9%(阳),4%,5%,9%,12%,8%,6%,10%
600362,江西铜业,2026-06-18,8,2,8.06,7.8,23.52%,31.79%,6.83,-5%/3%(阳),1%,-10%,-13%,-14%,-16%,-18%,-19%
600379,宝光股份,2026-08-12,7,5,9.55,8.55,41.36%,40.88%,11.9,-3%/5%(阴),1%,0%,3%,5%,1%,5%,8%
600388,紫金龙净,2013-07-24,7,1,9.11,12.07,44.33%,43.46%,11.74,-4%/1%(阴),4%,1%,-2%,-1%,2%,0%,-5%
600389,江山股份,2007-05-11,4,2,3.22,8.88,48.78%,45.68%,11.56,10%/9%(板),21%(板),32%,16%,15%,16%,15%,10%
600400,红豆股份,2020-02-06,3,2,10.27,12.08,50.45%,50.76%,8.17,-8%/10%(阴),2%,-12%,-17%,-19%,-21%,-20%,-18%
600403,大有能源,2020-12-24,6,3,10.61,11.47,17.42%,27.02%,7.8,11%/10%(板),21%(板),33%,40%,32%,26%,22%,13%
600425,青松建化,2016-01-14,3,1,10.06,11.88,30.17%,30.17%,14.54,-6%/0%(阳),0%,0%,-3%,-14%,-15%,-16%,-19%
600428,中远海特,2015-08-07,3,2,8.77,9.03,32.93%,31.72%,7.34,-9%/-10%(阴),-19%,-11%(板),-12%,-17%,-20%,-21%,-24%
600428,中远海特,2022-08-23,3,2,11.07,11.13,61.57%,62.58%,9.86,0%/9%(阳),20%(板),28%,19%,20%,6%,-5%,-3%
600438,通威股份,2008-02-20,7,1,9.42,7.61,60.67%,60.06%,9.46,-2%/4%(阳),5%,4%,3%(板),14%,20%,25%,25%
600449,宁夏建材,2026-08-07,5,4,9.94,9.84,38.76%,38.68%,12.07,-10%/-11%(阴),-16%,-18%,-19%,-23%,-21%,-22%,-24%
600455,博通股份,2019-11-19,4,1,9.61,10.13,37.99%,37.6%,8.62,-5%/1%(阴),5%(板),5%,-3%,-13%,-16%,-15%,-15%
600463,空港股份,2019-03-21,3,3,9.33,11.47,43.52%,42.88%,12.02,-5%/5%(阳),11%,4%,-6%,-12%,-14%,-12%,-9%
600466,未找到标的,2015-05-25,5,3,8.36,9.75,38.05%,36.41%,12.2,-2%/4%(阳),10%,9%,-2%,-2%,7%(板),13%,9%
600475,华光环能,2026-01-12,7,2,10.71,10.94,35.54%,36.23%,14.45,-5%/8%(阳),4%,2%,3%,9%,-2%,-10%,-11%
600476,*ST湘邮,2015-06-04,5,1,13.68,9.38,25.2%,31.85%,11.09,-3%/4%(阳),11%,1%,4%,1%,1%,4%,-4%
600481,双良节能,2009-04-15,6,2,14.13,8.41,57.33%,61.43%,12.1,-3%/5%(阳),3%,0%,-1%,-1%,-13%,-12%,-15%
600505,西昌电力,2021-03-18,6,4,9.76,10.54,27.91%,28.25%,13.7,-4%/10%(板),21%(板),29%,17%,4%,1%,3%,-2%
600537,*ST亿晶,2020-08-13,6,5,11.78,10.88,21.02%,22.93%,10.72,-3%/5%(阳),0%,4%,5%,4%,3%,1%,3%
600545,卓郎智能,2014-04-16,8,1,8.86,8.15,37.48%,36.39%,11.57,-2%/4%(阴),0%,4%,0%,-1%,-4%,-9%,-11%
600546,山煤国际,2008-05-21,6,1,8.48,11.65,34.05%,32.5%,12.94,-6%/4%(阴),-8%,-9%,-13%,-9%,-7%,-12%,-13%
600559,老白干酒,2020-11-05,6,2,10.58,9.28,32.59%,33.19%,10.69,-5%/-1%(阴),-2%,3%,10%,17%(板),17%,16%,28%
600596,新安股份,2026-06-03,5,1,9.79,9.88,19.5%,21.24%,9.09,-2%/1%(阴),4%,-3%,3%(板),10%,9%,4%,5%
600602,云赛智联,2000-02-16,3,1,8.62,5.94,49.22%,47.85%,10.0,-10%/9%(阴),-1%,7%,8%(板),12%,3%,13%(板),25%(板)
600613,神奇制药,1999-06-02,4,3,8.27,12.29,38.37%,36.63%,8.26,0%/9%(阴),1%,-12%,-12%,-13%,-15%,-13%,-7%
600620,天宸股份,2016-02-24,6,5,11.24,9.01,38.33%,39.52%,10.96,-10%/-1%(阴),-7%,-8%,-16%,-9%,-7%,-10%,-13%
600621,华鑫股份,2015-08-19,4,1,8.71,10.78,61.27%,59.94%,16.99,-8%/1%(阴),-5%,-15%,-25%,-23%,-21%,-13%(板),-5%
600621,华鑫股份,2017-11-29,6,5,9.51,10.9,25.48%,25.74%,13.24,-4%/0%(阴),0%,0%,-1%,-3%,-5%,2%,-3%
600624,ST复华,2008-05-06,6,5,7.02,6.12,54.42%,54.06%,12.6,-5%/3%(阴),-3%,-1%,-2%,-5%,-7%,-6%,-3%
600629,华建集团,2023-04-26,3,3,11.48,10.61,57.42%,58.83%,15.68,-6%/8%(阳),9%,20%(板),32%,34%,31%,21%,11%
600630,龙头股份,2008-05-06,6,5,8.3,5.6,22.03%,39.96%,13.5,-1%/7%(阴),4%,8%,11%,7%,8%,9%,14%
600633,浙数文化,2013-06-28,6,1,5.91,11.65,26.14%,34.62%,13.72,-2%/10%(板),14%,24%(板),36%,38%,26%,25%,32%
600635,大众公用,2000-03-08,3,2,9.82,9.62,24.06%,23.9%,9.07,-1%/7%(阳),4%,3%,-4%,-5%,-13%,-10%,-11%
600636,退市国化,2009-02-05,5,1,11.35,11.37,38.33%,39.61%,6.64,3%/10%(阴),10%,13%,6%,9%,11%,10%,2%
600647,未找到标的,2018-11-06,6,3,5.2,9.25,27.04%,25.2%,12.72,5%/10%(阴),8%,1%,1%,6%,5%,7%,17%
600650,锦江在线,2015-08-13,3,2,8.74,9.84,53.96%,52.7%,11.15,-3%/8%(阴),8%,5%,3%,1%,-9%,-21%,-25%
600663,陆家嘴,2006-11-27,3,1,10.72,9.84,58.48%,59.23%,11.77,-5%/2%(阳),0%,3%,6%,4%,9%,2%,-1%
600667,太极实业,2007-09-25,4,2,9.36,9.56,31.49%,30.89%,12.54,0%/9%(阳),-3%,-8%,-11%,-12%,-11%,-15%,-17%
600668,尖峰集团,2007-08-10,6,5,12.09,9.67,27.47%,29.51%,10.3,2%/9%(阳),10%,18%(板),24%,16%,17%,12%,10%
600668,尖峰集团,2007-08-15,5,2,9.67,10.3,38.53%,38.24%,8.59,-3%/5%(阴),-2%,-1%,-5%,-7%,-6%,-8%,-6%
600668,尖峰集团,2012-05-28,6,2,7.25,11.47,33.27%,31.73%,12.57,-2%/3%(阴),-1%,-1%,-2%,-7%,-8%,-8%,-7%
600674,川投能源,2008-05-05,5,4,16.74,4.75,46.79%,53.54%,11.58,-1%/5%(阳),3%,-18%,-12%,-14%,-19%,-20%,-21%
600683,京投发展,2023-06-06,4,1,10.92,10.71,31.44%,32.31%,11.88,1%/9%(板),20%(板),33%,27%,20%,14%,16%,15%
600696,未找到标的,2007-07-30,8,5,7.44,9.68,45.92%,45.01%,11.76,-2%/1%(阳),0%,4%,8%,5%,1%,-4%,-3%
600698,湖南天雁,2026-09-09,7,2,9.21,10.01,26.59%,25.83%,11.42,-6%/-3%(阴),-2%,-1%,-9%,-13%,-11%,-14%,-15%
600702,舍得酒业,2008-04-28,6,1,12.47,4.7,31.18%,35.41%,12.98,-3%/2%(阴),1%,5%,3%,2%,-2%,0%,7%
600713,南京医药,2008-05-13,7,2,4.29,12.46,46.79%,41.07%,13.65,-9%/0%(阴),-3%,-6%,-4%,-4%,-11%,-11%,-15%
600715,文投控股,2025-09-03,4,1,10.0,13.16,40.43%,40.43%,11.22,-9%/-1%(阴),-13%,-14%,-9%(板),-4%,-6%,1%,-3%
600724,宁波富达,2024-12-18,6,1,9.49,7.47,45.8%,45.26%,14.6,-10%/0%(阴),-10%,-16%,-18%,-15%,-16%,-15%,-16%
600726,华电能源,2021-11-01,5,1,11.28,11.19,19.84%,21.01%,13.21,-4%/6%(阳),0%,0%,-1%,-5%,1%,-3%,-5%
600728,佳都科技,2000-02-16,8,1,9.9,5.0,69.39%,69.27%,12.49,-9%/9%(阴),-9%,-11%,-18%,-24%,-23%,-22%,-19%(板)
600739,辽宁成大,2007-04-18,4,5,9.15,9.95,64.19%,63.33%,9.52,-2%/3%(阳),13%,20%,20%,18%,23%,34%,47%
600749,西藏旅游,2008-12-05,8,1,12.31,11.81,41.54%,44.31%,9.81,-4%/6%(阳),1%,-4%,-5%,-9%,-10%,-10%,-7%
600759,ST洲际,2021-02-22,7,1,5.92,0.0,42.11%,40.13%,11.73,-3%/6%(阴),-4%,-2%,-10%,-10%,-11%,-10%,-4%
600765,中航重机,2014-09-23,7,1,9.21,10.53,45.15%,44.38%,11.24,-2%/3%(阳),4%,1%,0%,-1%,3%,-1%,-3%
600765,中航重机,2015-08-12,3,5,10.78,7.97,33.71%,38.15%,7.45,-7%/3%(阳),2%,2%,-2%,-9%,-6%,-9%,-9%
600770,综艺股份,2000-01-06,3,1,10.15,10.0,33.5%,33.66%,11.42,3%/10%(阳),9%,13%,12%,0%,-5%,-2%,-2%
600774,汉商集团,2015-06-01,7,4,9.92,12.98,34.12%,34.04%,13.47,-4%/3%(阳),4%,4%,6%,1%,-1%,-1%,-3%
600784,鲁银投资,2016-03-01,7,1,9.28,11.11,25.33%,24.59%,14.08,-2%/5%(阳),4%,6%,2%,5%,1%,-2%,-6%
600793,宜宾纸业,1999-11-26,3,5,8.1,5.62,40.38%,38.48%,7.09,-5%/1%(阴),-6%,-4%,-5%,-4%,-6%,-22%,-16%(板)
600812,华北制药,2008-05-13,7,1,4.49,9.47,57.05%,51.6%,8.75,-8%/9%(阳),8%,2%,3%,0%,1%,3%,-3%
600816,建元信托,2012-12-18,6,1,11.53,10.36,45.48%,47.04%,11.77,-6%/3%(阴),-4%,-3%,-6%,-5%,-1%,-5%,-4%
600829,人民同泰,2019-04-08,4,1,10.31,11.99,39.42%,39.69%,12.86,-5%/0%(阴),-7%,-9%,-14%,-14%,-13%,-11%,-13%
600831,广电网络,2019-01-09,5,1,12.84,11.85,23.13%,27.46%,11.87,-4%/7%(阴),2%,0%,-3%,-2%,-4%,-6%,-6%
600846,同济科技,2008-05-06,6,5,7.96,5.19,40.13%,41.98%,13.61,-5%/3%(阴),-1%,1%,2%,-1%,0%,1%,7%
600865,百大集团,2000-05-26,8,3,5.82,6.63,25.64%,31.02%,7.55,-3%/2%(阳),2%,6%,6%,3%,5%,-4%,-6%
600865,百大集团,2015-04-03,4,3,10.12,10.26,49.5%,49.59%,12.54,-2%/9%(阳),9%,12%,12%,10%,5%,5%,3%
600867,通化东宝,2008-05-12,6,1,4.52,15.05,55.2%,49.68%,12.51,1%/9%(阴),13%,8%,10%,8%,7%,-2%,1%
600869,远东股份,2024-05-14,6,1,10.72,7.31,32.17%,32.98%,10.27,-6%/1%(阴),-6%,-7%,-12%,-12%,-13%,-14%,-15%
600881,亚泰集团,2007-01-23,4,4,13.3,0.0,16.45%,22.46%,10.81,-5%/-1%(阴),2%,0%,-3%,-2%,-6%,-15%,-13%
600883,博闻科技,1999-06-28,5,1,10.05,10.27,42.45%,42.5%,6.99,-6%/3%(阴),0%,-7%,-11%,-11%,-13%,-12%,-13%
600898,*ST美讯,2022-07-25,4,1,11.75,9.85,27.98%,29.8%,16.07,-4%/5%(阳),0%,-3%,-4%,-7%,-9%,-14%,-13%
600981,苏豪汇鸿,2007-03-27,6,4,10.75,9.92,66.78%,67.59%,7.3,1%/9%(板),18%,12%,17%,15%,14%,17%,22%
601002,晋亿实业,2008-11-10,6,4,6.47,11.26,41.76%,38.24%,8.22,-2%/7%(阴),6%,16%,19%,29%,27%,23%,21%
601005,重庆钢铁,2024-10-30,7,1,12.0,8.33,26.4%,28.0%,12.5,-3%/10%(板),20%,6%,10%,10%,17%,17%,12%
601011,宝泰隆,2024-11-20,6,1,11.84,9.58,20.41%,23.27%,12.31,-6%/0%(阴),-3%,-9%,-8%,-3%,-5%,-8%,-7%
601126,四方股份,2021-09-22,3,1,9.23,11.46,40.36%,39.6%,14.84,-6%/2%(阴),-3%,-3%,-13%,-13%,-11%(板),-6%,-9%
601133,柏诚股份,2026-06-26,5,1,9.51,12.06,29.98%,32.7%,11.29,0%/10%(板),19%,16%,5%,1%,-1%,-6%,-7%
601188,龙江交通,2023-09-14,5,1,10.12,11.18,24.85%,28.83%,14.05,3%/10%(板),21%(板),33%(板),30%,30%,11%,5%,6%
601216,君正集团,2024-12-18,3,3,9.77,13.87,41.41%,41.21%,9.27,-9%/-2%(阴),-14%,-21%,-23%,-23%,-24%,-23%,-24%
601368,绿城水务,2015-07-31,3,1,10.83,12.16,20.81%,32.75%,15.38,-3%/9%(板),16%,12%(板),23%,28%,23%,32%(板),43%
601388,怡球资源,2015-04-23,4,2,11.92,8.58,46.2%,48.08%,10.81,0%/9%(板),14%,6%,7%,6%,2%,2%,2%
601669,中国电建,2014-12-18,4,2,11.46,13.54,55.28%,56.63%,12.74,-1%/9%(板),20%,12%,6%,13%(板),21%,22%,27%
601777,千里科技,2024-07-11,8,1,11.59,10.48,26.52%,30.18%,10.34,-3%/3%(阴),4%,3%,2%,9%,6%,5%,12%
601865,福莱特,2021-06-22,4,1,9.59,10.37,35.0%,34.57%,8.5,-4%/0%(阳),2%,2%,2%,5%,5%,11%,7%
601882,海天精工,2022-10-26,4,1,9.84,10.67,61.25%,61.1%,17.34,-6%/3%(阴),-5%,-10%,-4%,-3%,-5%,-3%,-6%
601919,中远海控,2020-11-20,5,2,8.66,12.14,35.29%,36.62%,10.82,1%/7%(阳),5%,7%,1%,0%,3%,-5%,-2%
603000,人民网,2023-08-22,7,5,12.75,11.41,24.07%,26.83%,8.2,0%/9%(阳),7%,3%,1%,8%,15%(板),15%,17%
603002,宏昌电子,2015-08-13,3,3,11.65,5.38,42.0%,43.65%,9.75,-1%/4%(阴),1%,1%,0%,0%,-7%,-15%,-27%
603019,中科曙光,2024-11-11,3,4,10.25,12.29,61.13%,61.39%,9.48,-7%/2%(阴),-3%,-8%,-12%,-16%,-11%,-8%,-8%
603021,*ST华鹏,2024-12-06,3,1,10.69,11.72,42.97%,43.56%,14.02,-9%/-6%(阴),-9%,-13%,-13%,-13%,-15%,-21%,-25%
603023,威帝股份,2023-07-26,3,1,10.22,2.4,34.79%,35.04%,9.72,-2%/9%(阴),-6%,-13%,-18%,-20%,-21%,-21%,-21%
603026,石大胜华,2015-07-31,3,1,11.24,13.24,23.11%,31.09%,12.83,-1%/9%(板),15%,12%(板),23%(板),31%,22%,28%,22%
603028,赛福天,2016-11-18,7,1,9.89,11.83,28.54%,28.43%,11.44,0%/10%(板),13%,7%,7%,1%,-7%,-7%,-12%
603032,德新科技,2017-03-07,8,5,10.7,11.29,22.57%,28.29%,10.47,-3%/7%(阳),3%,-7%,-7%,-4%,-6%,-3%,-1%
603066,音飞储存,2015-07-31,3,1,11.96,14.8,20.69%,31.75%,14.36,-8%/8%(阳),8%,4%,-1%,-2%,-1%,6%,12%(板)
603066,音飞储存,2015-09-29,5,2,8.09,8.71,38.29%,36.37%,15.08,-6%/1%(阴),1%,0%,3%,7%,5%,6%,5%
603078,江化微,2019-10-09,5,2,10.63,12.27,31.0%,31.62%,13.5,-3%/4%(阳),1%,1%,-2%,-3%,-5%,-7%,-8%
603085,天成自控,2024-03-29,6,5,8.42,10.24,27.28%,25.74%,11.69,-5%/4%(阴),-3%,-7%,-12%,-13%,-10%,-11%,-12%
603113,金能科技,2021-02-22,7,1,7.58,5.38,30.72%,32.36%,12.67,-6%/2%(阴),-3%,-10%,-18%,-14%(板),-8%,-13%,-10%
603156,养元饮品,2026-05-18,4,2,8.23,14.27,37.04%,35.26%,5.49,-10%/1%(阴),2%,-6%,-12%,-11%,-14%,-10%,-12%
603166,福达股份,2015-10-15,6,2,9.88,9.03,50.59%,50.49%,14.36,-2%/10%(板),16%,20%,28%,25%,27%,29%,21%
603258,电魂网络,2021-11-15,7,2,10.88,11.26,40.51%,41.4%,11.36,-2%/7%(阳),1%,0%,-5%,-5%,-6%,-1%,-3%
603297,永新光学,2024-10-31,6,1,10.32,11.1,32.1%,32.41%,12.47,11%/10%(板),20%,20%,29%,25%,30%,34%,22%
603315,福鞍股份,2015-11-12,8,3,9.12,11.44,59.24%,58.35%,9.37,-10%/0%(阴),-10%,-7%,-12%,-13%,-13%,-14%,-9%
603396,金辰股份,2022-07-28,4,4,9.92,11.53,30.01%,29.93%,8.99,0%/8%(阳),15%(板),15%,16%,4%,3%,8%(板),17%
603486,科沃斯,2024-05-10,5,5,12.43,4.05,62.62%,65.05%,11.92,-2%/9%(阳),6%,6%,3%,-4%,-6%,-5%,-6%
603506,南都物业,2024-05-09,7,1,4.7,11.73,24.6%,25.83%,9.06,2%/10%(板),21%(板),24%,8%,10%(板),21%(板),26%,19%
603607,京华激光,2024-10-08,3,4,4.71,12.07,47.65%,42.39%,13.33,-9%/-3%(阴),-9%,-12%,-14%,-12%,-13%,-14%,-11%
603683,晶华新材,2025-09-23,6,4,11.12,10.33,56.85%,57.97%,8.74,-4%/-1%(阴),0%,-3%,-4%,-6%,-8%,-8%,-10%
603693,江苏新能,2021-09-22,8,2,11.47,12.6,49.66%,51.13%,12.91,3%/9%(阳),16%(板),26%,15%,11%,12%,8%,4%
603703,盛洋科技,2016-05-19,8,2,10.02,11.95,29.65%,29.67%,8.6,-3%/3%(阳),-55%,-58%,-58%,-61%,-61%,-59%,-58%
603716,塞力医疗,2022-05-18,4,2,12.28,9.85,25.1%,27.35%,11.0,-3%/5%(阴),2%,2%,-2%,-12%,-12%,-14%,-16%
603728,鸣志电器,2021-11-30,4,3,9.86,10.14,40.38%,40.22%,10.01,0%/6%(阴),4%,1%,-3%,-2%,-6%,-6%,-8%
603813,原尚股份,2018-05-25,3,1,6.29,6.45,42.09%,38.37%,13.36,-10%/10%(阳),-5%,-16%,-16%,-16%,-18%,-16%,-8%
603823,百合花,2026-07-07,5,4,8.01,20.0,55.11%,59.52%,12.88,-9%/2%(阴),-3%,-1%,-5%,-7%,-7%,-3%,5%
603825,ST华扬,2023-12-20,5,1,11.96,11.19,22.32%,26.12%,11.92,-10%/2%(阳),1%,-2%,-14%,-22%,-27%,-23%,-25%
603829,洛凯股份,2019-03-20,4,1,8.85,11.68,29.31%,28.57%,10.75,-6%/1%(阴),-6%,-10%,-11%,-12%,-12%,-14%,-11%
603860,中公高科,2022-12-07,7,1,10.21,9.5,27.87%,28.08%,15.23,-9%/-4%(阴),-10%,-11%,-14%,-15%,-12%,-12%,-14%
603863,松炀资源,2024-08-06,4,5,10.4,9.57,41.19%,41.58%,9.11,-2%/3%(阳),6%,5%,3%,4%,4%,10%,7%
603876,鼎胜新材,2021-08-10,6,1,17.45,10.92,25.99%,34.57%,11.26,-2%/8%(阳),9%,15%,9%,1%,-3%,-3%,1%
603877,太平鸟,2020-10-22,4,1,11.98,13.16,34.26%,36.23%,17.14,-2%/8%(阳),5%,4%,4%,1%,-1%,5%,7%
603887,城地香江,2024-12-23,3,1,9.98,11.31,27.96%,33.44%,13.07,-10%/6%(阴),-12%,-15%,-18%,-15%,-17%,-16%,-17%
603895,天永智能,2022-05-31,4,5,10.26,9.55,50.56%,50.81%,10.26,-2%/0%(阴),2%,1%,-10%,-14%,-11%,-11%,-9%
603991,领先股份,2026-06-18,7,4,10.3,9.34,25.49%,29.21%,11.21,3%/7%(阳),7%,4%,-1%,-1%,2%,8%(板),19%(板)
605090,九丰能源,2025-12-29,7,2,11.3,9.18,33.47%,34.78%,8.91,-7%/-2%(阴),-5%,0%,-4%,-7%,-3%,5%,11%
605117,德业股份,2021-10-29,7,3,12.47,9.7,50.18%,52.65%,11.2,-1%/5%(阴),0%,-4%,-2%,-6%,-7%,-3%,-7%
605299,舒华体育,2026-03-24,3,1,9.97,8.92,27.61%,27.61%,16.03,0%/9%(板),20%,19%(板),29%,32%(板),44%,46%,46%
605358,立昂微,2020-12-10,3,4,12.5,11.87,44.77%,47.27%,12.5,-2%/10%(板),21%(板),32%,18%,27%,28%,24%,19%
000004,未找到标的,2024-03-14,5,5,9.41,12.06,23.36%,31.95%,12.29,-2%/9%(阳),4%,1%,0%,0%,-1%,-1%,-2%
000006,深振业Ａ,2025-10-10,3,1,12.93,9.09,41.64%,44.6%,11.61,3%/9%(板),20%,10%,-1%,5%,8%,10%(板),17%
000007,全新好,2000-03-15,6,1,11.05,12.75,31.12%,32.18%,9.99,-9%/-2%(阴),-4%,-4%,-5%,-10%,-6%,-6%,-5%
000008,神州高铁,1999-06-11,5,2,12.47,12.55,50.72%,53.17%,12.99,-6%/-1%(阴),-2%,1%,3%,-2%,-2%,1%,11%
000009,中国宝安,2000-06-06,6,1,10.93,11.08,42.38%,43.38%,11.38,0%/5%(阳),6%,9%,12%,6%,6%,3%,1%
000011,深物业A,2020-06-12,4,1,12.8,9.17,37.73%,40.5%,13.81,-3%/9%(阴),6%(板),16%(板),27%,14%,13%,10%,7%
000019,深粮控股,2000-02-24,6,3,12.21,17.69,56.51%,58.71%,12.71,0%/9%(阳),13%,12%,13%,7%,2%,-2%,-6%
000032,深桑达Ａ,2000-02-16,7,1,10.83,4.47,53.3%,54.1%,11.12,-10%/8%(阴),-3%,4%,-3%,-14%,-15%,-13%,-10%
000060,中金岭南,2015-06-04,4,1,12.13,9.83,37.94%,42.59%,18.91,0%/7%(阳),2%,-1%,-2%,-3%,-4%,-4%,-8%
000062,深圳华强,2015-10-20,6,5,9.93,7.58,50.81%,50.95%,11.49,-10%/2%(阴),-7%,-7%,-7%,-7%,-9%,-5%(板),3%
000066,中国长城,2007-05-09,4,1,7.41,11.2,51.75%,49.15%,9.94,-10%/7%(阴),-8%,-4%,-7%,-9%,-2%,2%,2%
000066,中国长城,2024-10-29,3,3,0.0,10.62,38.11%,32.95%,12.66,4%/9%(板),20%(板),33%(板),36%,32%,40%(板),54%(板),70%(板)
000088,盐田港,2017-04-11,3,2,10.21,11.1,28.94%,29.33%,13.01,9%/10%(板),21%,14%,6%,5%,0%,0%,-5%
000155,川能动力,2007-10-17,3,1,10.51,10.14,19.5%,24.48%,11.74,-4%/9%(阳),8%,-4%,-7%,-12%,-15%,-22%,-24%
000401,金隅冀东,2015-08-03,3,2,11.27,10.42,21.18%,33.91%,8.5,-7%/9%(阳),18%,14%,12%,13%,16%,10%,6%
000404,长虹华意,2007-05-29,7,5,9.8,13.92,58.19%,58.04%,9.45,-9%/-2%(阴),-13%,-17%,-32%,-38%,-36%,-34%,-33%
000409,云鼎科技,2021-06-10,8,4,11.78,9.93,22.44%,24.22%,11.98,5%/9%(板),6%,8%,1%,-1%,-3%,2%,1%
000416,未找到标的,2009-02-13,4,1,10.25,12.7,63.75%,64.0%,9.92,-9%/10%(板),13%,6%,0%,-11%,-12%,-9%,-6%
000421,南京公用,2022-09-01,3,2,8.94,12.01,23.57%,22.43%,13.37,-6%/3%(阴),4%(板),12%,6%,1%,-4%,-4%,-2%
000520,凤凰航运,2024-04-18,6,1,0.0,11.06,17.57%,20.08%,15.69,-3%/9%(板),10%,-5%,-12%,-8%,-3%,-8%,-8%
000523,红棉股份,2015-08-14,3,3,10.61,5.65,58.82%,59.45%,5.8,0%/9%(板),16%,7%,3%,-7%,-19%,-25%,-27%
000548,湖南投资,2013-09-23,5,3,11.46,12.01,44.16%,45.65%,11.67,-1%/9%(阳),5%,9%,11%,7%,16%,19%,18%
000551,创元科技,2012-12-07,6,1,11.79,12.4,18.78%,29.83%,10.41,3%/10%(板),7%,9%,6%,11%,11%,13%,12%
000559,万向钱潮,2015-08-06,3,1,8.18,8.42,26.34%,26.65%,14.2,0%/6%(阳),14%,16%,11%,16%(板),21%,16%,19%
000563,陕国投A,2006-05-17,5,1,7.83,8.69,49.13%,46.96%,9.78,-10%/1%(阴),-2%,-2%,-4%,-6%,-2%,0%,-2%
000564,供销大集,2000-02-16,4,1,8.55,7.22,37.56%,37.56%,16.27,-6%/9%(阴),-3%,0%,-8%,-14%,-13%,-5%,-5%
000570,苏常柴Ａ,2000-02-28,4,4,8.99,7.29,33.23%,32.22%,9.67,-1%/7%(阴),8%,12%,23%,14%,11%,12%,19%
000583,未找到标的,2000-02-16,4,1,0.0,5.84,56.49%,48.06%,10.79,-9%/10%(阴),-1%(板),0%,-10%,-15%,-15%,-13%,-9%
000592,平潭发展,2015-11-06,6,1,8.92,0.0,24.16%,26.13%,11.25,-6%/-1%(阳),-1%,0%,-3%,-5%,-2%,4%,1%
000595,新能股份,2000-02-28,5,3,7.75,7.68,28.8%,38.43%,12.47,0%/10%(板),15%,7%,6%,4%,-1%,1%,-2%
000595,新能股份,2011-02-09,3,2,11.78,13.0,13.07%,27.72%,11.46,-1%/9%(板),21%(板),26%,25%,18%,23%,18%,14%
000595,新能股份,2022-05-24,6,3,9.56,11.29,38.23%,37.88%,13.04,-4%/10%(板),21%(板),33%(板),46%(板),61%(板),77%(板),95%(板),89%
000595,新能股份,2024-09-20,8,1,9.11,14.89,46.04%,45.08%,12.45,-5%/10%(板),21%(板),33%(板),46%,39%,38%,48%,46%
000602,未找到标的,2010-10-14,3,3,9.75,10.27,46.97%,46.7%,11.09,-4%/4%(阴),7%,12%,12%,12%,10%,19%,19%
000607,华媒控股,2008-05-13,4,5,5.82,9.11,45.57%,41.27%,14.15,-2%/8%(阴),0%,0%,0%,-2%,-5%,-9%,-10%
000618,未找到标的,1999-08-10,3,1,6.09,12.44,40.44%,36.57%,9.33,-6%/-1%(阴),-5%,-9%,-10%,-10%,-10%,-8%,-8%
000623,吉林敖东,2007-05-11,6,1,9.55,6.0,51.57%,51.12%,13.86,-2%/9%(板),11%,1%,-47%,-50%,-51%,-50%,-52%
000639,ST西王,2026-07-16,3,1,12.3,10.42,36.89%,39.34%,10.53,-10%/0%(阴),-9%,-12%,-13%,-15%,-15%,-15%,-8%
000655,金岭矿业,2022-06-07,7,1,0.0,10.25,34.95%,28.96%,11.74,-5%/-2%(阳),7%,-1%,-8%,-11%,-11%,-10%,-13%
000656,金科股份,2015-04-07,7,4,8.56,9.55,76.61%,75.17%,9.65,-2%/8%(阳),7%,9%,7%,2%,-4%,-8%,-8%
000657,中钨高新,2022-05-17,8,1,13.25,10.4,45.72%,49.0%,11.24,-3%/2%(阴),4%,1%,-1%,5%,2%,3%,4%
000662,未找到标的,2019-11-22,6,3,10.49,14.29,34.6%,35.04%,11.13,-9%/2%(阴),1%,0%,6%,10%,2%,4%,2%
000668,荣丰控股,2022-10-21,4,4,11.6,10.9,20.48%,27.26%,6.69,-10%/-2%(阴),-17%,-17%,-16%,-17%,-19%,-19%,-18%
000670,盈方微,2022-10-24,5,1,10.74,9.67,36.32%,37.06%,13.4,-10%/-1%(阴),-3%,-5%,-1%(板),8%,6%,13%,7%
000672,上峰材料,2016-03-21,8,3,10.89,12.29,34.82%,35.71%,17.64,-2%/8%(阳),5%,0%,-1%,0%,3%,1%,0%
000673,未找到标的,2014-04-30,4,4,1.68,9.61,33.04%,41.86%,8.55,-3%/5%(阳),1%,0%,3%,4%,0%,-1%,-3%
000687,未找到标的,2007-04-30,6,5,10.88,7.95,59.56%,60.48%,9.72,0%/7%(阴),-2%,-4%,-2%,-3%,-5%,-4%,-3%
000701,厦门信达,2000-02-16,6,1,12.73,4.23,59.41%,62.16%,9.47,-9%/9%(阴),-4%,-8%,-14%,-21%,-21%,-20%,-17%
000703,恒逸石化,2007-08-21,5,3,10.75,14.9,37.18%,37.95%,9.14,-2%/8%(阳),6%,14%(板),18%,17%,17%,16%,22%
000707,双环科技,2006-05-18,3,1,6.15,14.83,35.83%,34.22%,9.96,0%/9%(阳),-20%,-18%,-20%,-22%,-22%,-26%,-22%
000727,冠捷科技,2012-02-15,6,1,11.87,12.27,36.33%,38.13%,12.34,-4%/-1%(阴),-3%,0%,-3%,-1%,-2%,-3%,0%
000731,四川美丰,2016-11-03,4,1,11.29,11.13,29.06%,30.37%,10.75,-6%/1%(阴),-3%,-4%,-3%,3%,-1%,-5%,-8%
000735,罗 牛 山,2010-02-01,7,1,8.57,13.43,47.35%,45.95%,11.16,6%/10%(板),21%(板),33%,33%(板),31%,27%,21%,28%
000739,普洛药业,2008-05-13,7,2,5.48,8.76,43.97%,40.38%,13.52,-3%/8%(阴),0%,-2%,-3%,-11%,-9%,-8%,-13%
000761,本钢板材,2007-07-30,3,4,8.85,10.52,46.68%,45.52%,8.46,-1%/4%(阴),1%,0%,1%,4%,4%,4%,5%
000788,北大医药,2008-05-12,6,1,4.86,11.67,26.8%,22.66%,14.35,1%/10%(板),21%,27%,24%,24%,20%,10%,6%
000791,甘肃能源,2016-09-07,7,3,8.06,7.75,51.08%,49.11%,11.74,0%/9%(板),15%,4%,0%,-10%,-11%,-9%,-10%
000793,ST华闻,2024-12-16,3,5,8.89,13.42,40.0%,38.89%,16.57,-10%/0%(阴),-9%,-15%,-13%,-18%,-23%,-25%,-26%
000796,凯撒旅业,2011-02-10,7,3,10.85,10.67,30.6%,31.43%,11.36,-4%/-2%(阴),-2%,1%,-1%,-3%,-4%,-5%,-4%
000796,凯撒旅业,2025-07-22,6,2,10.89,9.35,29.46%,30.45%,10.32,-9%/0%(阴),-1%(板),8%,0%,3%,8%(板),8%,5%
000798,中水渔业,2022-04-20,4,1,12.37,12.53,35.13%,37.5%,13.81,-10%/-1%(阴),-12%,-21%,-24%,-24%,-26%,-27%,-25%
000799,酒鬼酒,2021-01-07,3,2,5.75,10.45,53.42%,49.17%,11.03,-4%/4%(阴),4%,10%(板),18%,16%,0%,-7%,-6%
000813,德展健康,2023-09-22,5,1,9.78,11.5,22.71%,22.4%,10.73,5%/10%(板),20%,16%(板),18%,14%,6%,2%,2%
000818,航锦科技,2007-10-17,4,1,9.66,11.58,38.53%,38.18%,15.16,-7%/4%(阴),-1%,-4%,-8%,-10%,-15%,-22%,-21%(板)
000829,天音控股,2015-03-24,6,5,8.58,7.67,59.78%,58.38%,9.97,0%/9%(阴),5%,8%(板),15%,15%,18%,15%,10%
000831,中国稀土,2006-05-12,5,2,9.03,7.0,66.75%,65.8%,8.93,2%/9%(板),6%,-6%,-7%,-10%,-11%,-15%,-11%
000835,未找到标的,2020-06-04,6,3,4.56,12.13,26.24%,30.04%,13.58,0%/9%(阴),-5%,-5%,-6%,-7%,-10%,-10%,-13%
000836,未找到标的,2018-01-30,5,3,9.8,10.83,23.97%,23.75%,11.41,-8%/-2%(阴),-2%,-5%,-3%,-8%,-12%,-12%,-15%
000838,*ST发展,2025-11-06,8,2,10.66,10.0,29.41%,30.15%,13.12,-5%/7%(阴),-4%,-4%,-5%,-6%,-4%,-4%,-4%
000839,国安股份,2019-03-13,6,5,11.11,11.76,74.94%,75.97%,9.59,-10%/1%(阴),-4%,-10%,-4%,-2%,4%(板),4%,-4%
000852,石化机械,2007-05-24,5,5,4.31,10.96,71.96%,66.56%,10.36,-1%/9%(板),19%,14%,10%,5%,4%,-10%,-14%
000878,云南铜业,2009-03-20,8,2,9.05,8.29,47.28%,46.31%,7.06,-1%/10%(阳),7%,11%,17%(板),23%,20%,16%,21%
000886,海南高速,2010-02-03,7,3,8.86,13.49,49.19%,50.66%,13.18,0%/9%(板),13%,7%,-4%,-5%,0%,-3%,-4%
000902,新洋丰,2009-09-04,3,2,11.52,10.27,27.61%,29.13%,12.92,-6%/5%(阳),2%,4%,0%,2%,10%,6%,4%
000917,电广传媒,2006-06-05,7,5,9.61,8.65,26.03%,33.41%,9.72,-4%/5%(阴),-2%,-5%,-5%,-10%,-11%,-14%,-11%
000920,沃顿科技,2011-02-15,7,5,10.16,12.64,47.02%,47.23%,9.75,-1%/1%(阳),3%,2%,2%,-1%,-6%,-6%,-7%
000936,华西股份,2019-03-11,3,3,8.33,12.5,34.92%,35.71%,8.09,-1%/4%(阳),12%,10%,5%,0%,0%,3%,6%
000949,新乡化纤,2015-08-13,3,2,9.23,9.52,31.54%,30.77%,10.77,0%/9%(板),11%,12%,7%,6%,-1%,-7%,-17%
000953,中哲精化,2016-11-09,8,1,8.45,11.47,29.63%,41.24%,12.97,-6%/6%(阴),0%,-3%,-4%,-6%,-6%,-7%,-11%
000959,首钢股份,2014-04-23,5,1,11.31,11.79,33.48%,34.84%,12.31,-3%/3%(阳),0%,-12%,-14%,-10%,-12%,-6%,-7%
000960,锡业股份,2008-11-17,6,3,8.59,6.56,30.47%,40.47%,6.35,-8%/3%(阴),0%(板),5%,0%,0%,-4%,-6%,-2%
000961,ST中南,2007-03-09,3,1,11.93,10.5,41.05%,42.96%,10.43,0%/6%(阳),4%,6%,5%,3%,-2%,0%,-1%
000962,东方钽业,2025-10-27,7,1,14.02,11.27,27.04%,31.06%,9.69,3%/10%(阳),12%,7%,4%,0%,-5%,-3%,0%
000973,佛塑科技,2015-11-30,6,4,11.12,9.96,34.44%,35.51%,9.97,-7%/4%(阴),0%,6%,4%,5%,2%,2%,-2%
000976,未找到标的,2006-05-12,5,4,10.4,0.0,86.63%,87.13%,7.0,-44%/-35%(阳),-36%,-30%(板),-23%,-25%,-26%,-31%,-29%
000980,众泰汽车,2014-09-02,6,1,10.29,6.69,43.05%,43.24%,12.15,-2%/4%(阳),-1%,-2%,-4%,-1%,-1%,4%,1%
000980,众泰汽车,2024-12-16,3,2,11.45,12.11,24.05%,25.57%,11.53,-2%/9%(阴),-1%,-2%,-4%,-8%,-15%,-16%,-19%
000982,中银绒业,2016-11-17,8,3,9.87,11.13,50.82%,50.64%,12.4,-1%/9%(阳),10%(板),5%,0%,-5%,-10%,-15%,-19%
000983,山西焦煤,2021-09-02,5,1,3.98,11.64,41.93%,35.91%,9.16,-6%/3%(阴),2%,10%(板),22%,33%,28%,26%,20%
000995,皇台酒业,2024-09-24,4,2,9.64,11.56,40.6%,40.24%,13.57,-7%/1%(阴),3%(板),13%(板),24%(板),37%,19%,12%,2%
001239,永达股份,2024-07-24,6,1,7.58,0.0,21.55%,19.1%,11.71,-1%/6%(阴),1%,-1%,0%,2%,3%,10%(板),21%(板)
001301,尚太科技,2025-09-15,4,5,10.51,10.76,28.63%,29.14%,7.6,-6%/-2%(阴),4%,0%,-2%,-3%,-4%,-1%,2%
002001,新 和 成,2007-09-14,6,1,11.84,8.31,28.85%,30.72%,13.08,5%/10%(板),19%,17%,18%,18%,12%,13%,18%
002002,ST鸿达,2020-02-18,5,1,10.03,6.85,26.32%,26.32%,7.42,-6%/-2%(阴),3%(板),12%,11%,5%,4%,1%,-6%
002006,精工科技,2012-12-17,6,4,2.06,10.41,29.05%,36.19%,11.23,-3%/4%(阳),6%,8%,2%,8%,8%,6%,11%
002008,大族激光,2026-04-23,5,4,8.36,11.25,60.97%,59.32%,10.66,-3%/2%(阴),3%,7%,2%,0%,0%,8%(板),18%
002026,山东威达,2021-11-17,6,1,9.79,7.54,44.42%,44.2%,9.98,-7%/-1%(阴),-3%,3%,5%,-1%,-1%,3%,11%(板)
002071,未找到标的,2010-03-11,5,2,9.8,9.98,31.24%,31.05%,12.39,-6%/-1%(阴),-4%,-3%,-6%,-4%,-4%,-3%,-7%
002085,万丰奥威,2015-03-24,8,4,10.34,0.0,48.69%,49.03%,11.43,-1%/7%(阳),2%,2%,1%,1%,4%,14%(板),19%
002085,万丰奥威,2015-09-29,6,1,17.64,12.97,66.78%,74.43%,10.62,-4%/7%(阴),9%,4%,0%,-1%,5%,2%,4%
002098,浔兴股份,2015-11-11,6,4,9.98,8.95,24.78%,27.41%,9.65,2%/10%(阳),10%,12%,15%,8%,9%,9%,11%
002111,威海广泰,2022-10-31,6,2,11.02,11.41,21.55%,22.52%,7.23,-7%/-3%(阳),-3%,-1%,-3%,-2%,6%,8%,0%
002113,*ST天润,2010-06-11,5,2,10.0,7.37,33.47%,33.47%,10.67,-6%/2%(阴),-9%,-17%,-18%,-17%,-17%,-14%,-12%
002114,罗平锌电,2015-10-09,7,3,9.73,12.5,40.21%,39.98%,11.36,11%/10%(板),20%(板),33%(板),38%,48%(板),47%,44%,41%
002155,湖南黄金,2008-05-05,6,4,9.97,4.62,24.26%,36.33%,9.76,-2%/3%(阴),-3%,-6%,-5%,-6%,-10%,-4%,0%
002164,宁波东力,2015-05-27,5,2,11.17,8.88,38.2%,39.38%,16.17,0%/7%(阴),4%,4%,14%,17%,10%,9%,6%
002165,红 宝 丽,2008-08-20,7,2,10.5,14.69,47.81%,48.37%,12.31,-8%/-1%(阴),-1%,-6%,-7%(板),2%,0%,-2%,-5%
002165,红 宝 丽,2021-09-15,3,1,10.14,10.09,36.38%,36.58%,12.02,3%/10%(板),21%(板),33%(板),46%,49%,38%,18%,16%
002168,ST惠程,2013-01-24,6,2,10.67,6.55,48.65%,49.36%,1.47,-8%/0%(阴),-10%,-3%,-5%,-9%,-10%,-12%,-10%
002169,智光电气,2008-12-26,5,5,11.67,10.79,45.56%,50.37%,9.94,-9%/-1%(阴),0%,-1%,-4%,-5%,-2%,-6%,-1%(板)
002169,智光电气,2024-10-28,3,4,11.03,10.4,55.89%,56.82%,10.42,1%/8%(阴),-1%,-3%,-6%,-16%,-15%,-15%,-15%
002170,芭田股份,2015-10-09,5,5,11.8,9.37,31.68%,33.42%,10.27,3%/10%(阳),12%,16%,12%,12%,10%,12%,15%
002171,楚江新材,2009-03-20,8,2,8.01,8.76,42.44%,40.41%,8.81,-3%/9%(阳),4%,6%,10%,12%,9%,6%,10%
002172,澳洋健康,2009-02-16,4,4,9.42,9.89,64.88%,64.24%,9.86,0%/10%(阳),6%,-6%,1%,3%,4%,6%,12%
002175,*ST东智,2015-11-19,7,2,9.96,13.02,39.4%,39.35%,10.0,-1%/9%(阳),6%,4%,11%,9%,6%,3%,6%
002192,融捷股份,2010-09-16,4,3,9.99,10.82,37.39%,39.22%,8.65,-9%/0%(阴),-12%,-15%,-12%,-12%,-10%,-12%,-9%
002197,证通电子,2015-11-06,7,1,0.0,11.07,24.22%,27.15%,11.36,0%/10%(板),18%,14%,12%,7%,10%,13%,8%
002202,金风科技,2008-02-21,5,4,5.08,11.47,27.45%,33.18%,6.21,-4%/0%(阴),-1%,-2%,-53%,-49%,-47%,-44%,-46%
002211,ST宏达,2016-07-06,5,2,12.77,10.54,37.94%,40.71%,11.79,-4%/-1%(阴),1%,-1%,-1%,-3%,-2%,-1%,-2%
002212,天融信,2009-04-14,5,2,13.24,9.38,51.33%,54.57%,11.87,-2%/9%(阳),12%,8%,3%,-3%,-5%,-10%,-11%
002213,大为股份,2025-01-07,4,1,10.89,14.59,34.18%,35.02%,13.29,-10%/0%(阴),-1%,-3%,-14%,-9%,-8%,-11%,-10%
002222,福晶科技,2026-04-03,3,3,8.93,7.71,28.12%,27.05%,7.52,-2%/6%(阳),7%,10%,15%,16%,15%,14%,16%
002229,鸿博股份,2018-09-25,8,1,0.0,3.06,33.05%,32.38%,9.62,-4%/1%(阴),-2%,-7%,-8%,-10%,-8%,-12%,-15%
002234,民和股份,2016-03-04,8,4,14.99,11.78,68.6%,73.57%,9.07,-4%/2%(阴),-1%,-9%,-9%,-10%,-7%,-12%,-16%
002234,民和股份,2017-07-18,7,2,10.13,12.89,33.68%,33.84%,9.39,-2%/3%(阳),3%,5%,6%,1%,4%,4%,9%
002240,盛新锂能,2026-04-30,8,3,7.04,10.63,47.35%,44.38%,8.84,-1%/5%(阳),3%,3%,-2%,-3%,-5%,-9%,-11%
002246,北化股份,2022-03-11,3,4,8.7,6.83,36.47%,35.14%,11.68,5%/9%(板),20%(板),33%(板),46%(板),44%,43%,34%,22%
002252,上海莱士,2013-12-19,5,3,10.42,11.12,56.12%,56.53%,12.01,-4%/6%(阴),4%,7%,4%,3%,-2%,-8%,-10%
002265,建设工业,2016-03-02,5,2,11.57,16.29,23.5%,32.51%,17.47,-4%/3%(阴),-2%,-8%,-11%,-15%,-17%,-22%,-19%
002268,电科网安,2010-06-07,7,2,13.26,11.57,47.97%,51.21%,12.59,-8%/1%(阴),-1%,-2%,-2%,-4%,-10%,-11%,-7%
002274,华昌化工,2019-04-24,6,1,10.78,8.16,41.98%,45.52%,18.04,-10%/0%(阴),-8%,-18%,-24%,-29%,-28%,-28%,-30%
002278,神开股份,2015-10-26,4,1,8.53,7.58,47.16%,45.65%,11.42,-3%/8%(阳),6%,4%,3%,-4%,-8%,-1%(板),4%
002279,久其软件,2015-10-23,4,5,6.22,10.96,47.59%,43.82%,13.4,-1%/7%(阳),6%,5%,3%,4%,2%,-4%,0%(板)
002287,奇正藏药,2016-11-17,4,1,9.97,10.21,34.53%,34.51%,12.69,2%/10%(板),21%(板),29%,7%,1%,0%,-1%,-4%
002302,西部建设,2019-03-20,4,1,10.28,10.02,41.39%,41.66%,11.09,1%/10%(阳),7%,1%,-2%,0%,-2%,-6%,-1%
002307,北新路桥,2017-04-27,4,1,9.36,14.93,27.5%,29.0%,13.52,-5%/1%(阴),8%(板),19%,20%,17%,16%,13%,19%
002308,*ST威创,2022-02-23,4,1,11.98,10.6,37.16%,39.12%,14.31,-9%/-4%(阴),-11%,-16%,-17%,-14%,-14%,-12%,-8%(板)
002312,川发龙蟒,2021-09-13,6,3,11.83,11.69,35.43%,37.25%,9.44,1%/9%(阴),7%,6%,1%,0%,0%,-7%,-10%
002338,奥普光电,2015-05-27,8,1,9.96,14.0,57.32%,57.27%,11.71,-6%/9%(阴),2%,9%,17%(板),23%,20%,19%,10%
002338,奥普光电,2022-08-04,4,5,11.2,10.63,41.55%,42.74%,13.26,-7%/0%(阴),-4%,-3%,6%,5%,10%,1%,-4%
002340,格林美,2021-01-04,6,1,8.35,8.08,36.59%,34.99%,7.87,1%/7%(阴),8%,11%,18%(板),30%,23%,20%,14%
002343,慈文传媒,2024-03-22,6,1,11.67,6.13,32.85%,34.58%,13.37,-7%/7%(阴),-2%,-2%,-2%,-4%,-5%,0%,-5%
002351,漫步者,2021-02-19,7,1,9.36,11.03,26.07%,29.75%,8.7,-2%/6%(阴),8%,12%,11%,9%,10%,9%,13%
002351,漫步者,2023-03-22,4,2,9.66,9.91,35.95%,35.56%,10.83,-5%/2%(阳),7%,16%(板),14%,9%,3%,3%,11%
002355,兴民智通,2022-06-23,4,2,10.88,11.04,35.42%,36.34%,13.35,3%/10%(板),21%(板),33%(板),46%(板),61%(板),61%,30%,21%
002363,隆基机械,2022-06-27,3,5,0.0,10.99,29.52%,25.0%,8.63,-5%/2%(阴),-7%,-9%,-12%,-12%,-14%,-15%,-12%
002365,永安药业,2022-04-29,7,2,0.0,11.81,25.63%,22.08%,13.14,-2%/10%(板),21%(板),33%(板),45%,31%,13%,12%,6%
002379,宏桥控股,2011-12-14,5,4,9.64,11.89,21.0%,24.87%,10.56,-3%/5%(阴),6%(板),17%,15%,12%,13%,10%,12%
002388,新亚制程,2019-07-17,8,4,10.1,10.03,27.4%,30.13%,14.11,-5%/-2%(阴),-5%,-9%,-11%,-5%(板),-1%,-2%,2%
002401,中远海科,2015-05-27,8,1,11.44,14.87,44.07%,45.51%,11.87,-9%/0%(阴),-5%,1%,11%,9%,8%,6%,1%
002406,远东传动,2025-03-19,8,4,9.5,9.49,23.83%,29.06%,12.73,6%/10%(板),21%(板),17%,5%,-3%,-6%,-8%,-13%
002416,爱施德,2020-08-07,4,1,12.18,10.19,51.62%,53.83%,10.94,-10%/3%(阴),-12%,-14%,-13%,-14%,-14%,-14%,-15%
002423,中粮资本,2012-10-10,3,1,14.57,10.62,33.33%,37.9%,11.1,-10%/0%(阴),-10%,-12%,-7%,-9%,-14%,-10%,-16%
002428,云南锗业,2012-01-19,4,1,10.61,10.21,26.37%,26.97%,11.68,-3%/1%(阴),-2%,-4%,-4%,-3%,-3%,-3%,-6%
002432,九安医疗,2013-05-30,7,2,10.94,11.01,62.36%,63.35%,11.12,-34%/-27%(阳),-27%,-32%,-37%,-38%,-38%,-35%,-29%
002466,天齐锂业,2020-11-24,8,1,10.07,11.81,14.24%,29.45%,8.25,-3%/3%(阴),0%,-1%,4%,-1%,-3%,-5%,1%
002482,广田集团,2015-06-03,8,1,10.72,8.36,47.89%,48.6%,11.39,-5%/10%(阳),9%,7%,0%,1%,1%,7%,3%
002486,嘉麟杰,2013-08-13,5,2,11.05,12.83,40.51%,41.64%,12.2,-4%/0%(阴),-3%,-2%,-6%,-6%,0%,-1%,5%(板)
002497,雅化集团,2020-02-10,8,3,9.68,8.42,12.49%,27.26%,10.99,-5%/0%(阴),6%,14%,12%,8%,8%,8%,-1%
002516,旷达科技,2015-10-13,5,1,9.9,11.07,35.98%,35.98%,12.21,-2%/8%(阳),4%,3%,3%,6%,4%,-2%,-1%
002516,旷达科技,2021-08-12,6,5,10.12,11.23,31.38%,31.58%,10.17,-1%/3%(阳),2%,-1%,-5%,-4%,-7%,-6%,-2%
002520,日发精机,2013-12-26,6,2,10.01,9.64,31.8%,31.8%,11.71,-2%/4%(阳),6%,-1%,1%(板),3%,0%,8%,13%
002521,齐峰新材,2016-06-30,7,3,11.2,11.25,32.1%,33.26%,13.08,-5%/0%(阴),-3%,-2%,-6%,-6%,-6%,-5%,-7%
002530,金财互联,2019-03-12,5,4,10.1,12.17,51.3%,51.42%,11.11,-4%/5%(阴),-5%,-6%,-6%,-5%,-6%,-6%,-6%
002567,唐人神,2019-04-17,7,2,9.13,12.93,17.95%,20.0%,12.06,-3%/5%(阳),3%,12%(板),19%,17%,21%,11%,6%
002582,好想你,2024-11-28,5,1,6.77,10.79,33.5%,33.99%,12.65,-2%/8%(阳),14%,5%,1%,-3%,-4%,2%,5%
002590,万安科技,2015-11-20,3,3,9.94,13.83,29.97%,29.89%,8.93,-2%/9%(阳),12%,21%(板),33%,28%,35%(板),35%,19%
002603,以岭药业,2020-03-25,4,1,0.0,9.77,44.24%,34.21%,10.02,3%/9%(阳),7%,13%,8%,4%,-3%,3%,5%
002606,大连电瓷,2011-09-23,5,2,19.2,12.06,33.42%,42.64%,14.26,-2%/6%(阳),1%,5%(板),6%,5%,-1%,7%,15%(板)
002606,大连电瓷,2012-11-02,3,3,12.21,10.77,30.53%,32.72%,11.67,0%/10%(阳),4%,10%(板),17%,7%,4%,0%,-5%
002618,丹邦退,2013-07-26,5,2,10.39,11.76,60.15%,60.54%,12.06,-9%/3%(阴),-7%,-9%,-6%,-2%,-3%,1%,-1%
002619,*ST艾格,2016-04-27,3,1,3.37,8.25,30.37%,37.11%,14.77,-9%/0%(阳),-1%,6%,-58%,-60%,-60%,-61%,-62%
002634,*ST棒杰,2016-04-01,6,1,8.07,9.74,44.26%,42.33%,12.24,-3%/3%(阳),10%(板),17%,17%,16%,15%,8%,4%
002645,华宏科技,2012-06-15,6,3,10.62,11.5,35.84%,36.44%,8.6,1%/6%(阳),1%,3%,-2%,-2%,-7%,-6%,-5%
002655,共达电声,2019-10-22,6,4,9.24,13.86,35.83%,39.15%,8.58,-7%/9%(阴),0%,-5%,0%,2%,3%,4%,6%
002656,摩登大道,2015-08-11,6,1,19.39,9.84,48.37%,57.76%,12.28,-7%/-1%(阴),-8%,-6%,-9%,-10%,-19%,-17%,-23%
002668,TCL智家,2024-05-13,8,5,12.66,10.07,32.87%,35.53%,12.6,-1%/4%(阳),5%,-1%,-6%,-8%,-6%,-9%,-15%
002669,康达新材,2021-11-11,4,1,10.17,11.89,44.72%,44.88%,11.97,0%/6%(阳),1%,-1%,1%(板),1%,2%,10%(板),15%
002673,西部证券,2024-02-27,6,1,11.73,9.92,37.0%,38.81%,10.14,4%/10%(阴),6%,5%,0%,-1%,-2%,-4%,-3%
002681,奋达科技,2015-04-27,8,2,12.52,8.57,41.52%,44.03%,11.11,-4%/3%(阳),10%,19%(板),22%,3%,7%,0%,1%
002681,奋达科技,2024-12-04,3,1,12.74,9.33,20.31%,23.06%,11.02,4%/10%(板),21%,24%(板),36%(板),50%(板),45%,37%,21%
002709,天赐材料,2016-05-12,3,4,13.53,10.77,38.06%,41.58%,15.71,-60%/-57%(阳),-58%,-55%(板),-52%,-52%,-55%,-57%,-57%
002709,天赐材料,2024-11-11,6,3,9.99,11.39,42.24%,42.24%,13.22,-4%/5%(阴),-1%,-1%,-7%,-9%,-5%,-4%,3%
002713,东易日盛,2023-02-01,8,1,12.54,9.57,21.01%,23.62%,10.67,-1%/9%(阴),-4%,-3%,-4%,4%(板),2%,-1%,-3%
002748,世龙实业,2021-11-11,8,1,10.76,6.72,21.8%,28.89%,9.88,-2%/7%(阳),3%,-3%,-8%,-6%,-2%(板),7%,12%(板)
002753,永东股份,2015-08-03,3,2,10.8,12.45,18.35%,30.95%,14.13,-9%/5%(阳),12%,7%,2%,4%,6%,6%,-1%
002767,先锋电子,2015-08-03,3,2,10.09,15.09,29.47%,42.88%,17.89,-9%/2%(阴),-3%,-8%,-11%,-8%,0%(板),6%,6%
002768,国恩股份,2018-12-12,3,1,10.48,11.07,15.98%,16.44%,11.23,-10%/1%(阴),-10%,-17%,-19%,-19%,-22%,-23%,-23%
002772,众兴菌业,2015-07-31,3,1,11.99,12.59,32.37%,38.83%,15.5,-4%/10%(板),15%,8%,4%,0%,1%,6%,4%
002792,通宇通讯,2022-09-02,8,1,10.82,9.98,16.16%,22.67%,12.11,-2%/9%(阴),7%,-2%,-9%,-12%,-12%,-14%,-14%
002824,和胜股份,2022-05-18,5,5,11.41,12.62,54.97%,56.39%,10.73,-5%/4%(阳),11%(板),22%(板),34%,20%,25%,25%,20%
002828,贝肯能源,2026-07-10,4,3,9.35,9.02,39.98%,39.36%,16.24,-5%/5%(阴),-3%,-6%,-7%,-6%,-10%,-13%,-11%
002842,翔鹭钨业,2026-01-28,6,1,10.11,11.22,65.75%,65.86%,13.31,-7%/6%(阴),0%,-3%,-3%,-3%,-5%,-2%(板),7%
002862,实丰文化,2018-12-19,3,1,13.14,13.07,31.17%,34.31%,13.38,-4%/0%(阳),-2%,-5%,-5%,-6%,-7%,-10%,-5%(板)
002862,实丰文化,2024-05-06,6,1,11.93,7.8,36.69%,38.65%,9.96,-1%/6%(阳),5%,3%,2%,6%,13%,6%,5%
002870,香山股份,2019-07-12,6,1,8.76,10.92,25.97%,26.73%,11.98,-9%/-3%(阴),4%,9%,-1%,-3%,-7%,-10%,-7%
002875,安奈儿,2019-02-11,4,1,10.92,10.49,15.15%,19.77%,9.99,-2%/10%(板),12%,9%,11%,10%,19%,12%,8%
002877,智能自控,2020-03-26,3,1,9.77,9.58,29.02%,28.75%,12.08,-10%/-4%(阴),-8%,-7%,-15%,-16%,-15%,-16%,-14%
002883,*ST中设,2024-04-25,3,1,8.95,8.25,39.71%,38.6%,14.0,-5%/9%(阴),-7%,-9%,-11%,-10%,-11%,-11%,-11%
002885,京泉华,2021-11-04,6,4,4.23,11.1,29.33%,26.23%,10.68,-2%/9%(板),20%(板),28%,19%,28%(板),41%(板),56%,61%(板)
002902,铭普光磁,2018-12-11,3,1,7.78,4.81,35.03%,33.78%,14.0,-8%/-3%(阴),-3%,-9%,-12%,-8%,-6%,-9%,-4%
002905,金逸影视,2022-09-13,7,1,13.24,9.83,23.86%,27.03%,12.01,-7%/-3%(阳),7%(板),9%,3%,11%(板),8%,-6%,-9%
002923,润都股份,2018-10-22,3,1,9.92,20.02,23.32%,32.69%,13.75,-4%/4%(阳),0%,0%,-1%,0%,-1%,5%,4%
002947,恒铭达,2024-03-04,6,3,11.71,11.12,47.73%,49.43%,10.67,-2%/3%(阳),2%,1%,0%,1%,4%,6%,1%
003015,日久光电,2024-10-21,4,4,10.42,9.19,35.34%,35.83%,12.05,-6%/2%(阴),-6%,-6%,-7%,-3%,0%,-2%,-2%
003029,吉大正元,2024-04-26,8,3,12.94,11.67,40.65%,43.59%,11.82,-2%/9%(板),19%,22%,18%,16%,13%,20%,14%
003036,泰坦股份,2022-09-07,3,2,13.22,8.82,12.17%,17.57%,11.78,-4%/1%(阴),-3%,-2%,-3%,-1%,-2%(板),6%,4%
