股票代码,股票名称,D-0日期,D-2振幅,D-1涨幅,D-1振幅,D-0涨幅,D-0振幅,D-0/D-2成交额百分比,D-0/D-1成交额百分比,T+0(低/高),T+1最高价,T+2最高价,T+3最高价,T+4最高价,T+5最高价,T+6最高价,T+7最高价
600006,东风股份,2021-07-23,9.83,2.82,3.67,4.88,10.12,113.54%,103.07%,-7%/0%(阴),3%,7%,15%,6%,5%,3%,1%
600007,中国国贸,2021-05-07,10.02,6.81,10.76,1.07,4.84,129.45%,117.79%,-1%/5%(阳),15%(板),27%(板),40%(板),54%,49%,55%(板),64%
600007,中国国贸,2021-08-31,7.32,2.6,9.62,6.25,15.1,388.02%,111.95%,-2%/9%(板),20%,19%,7%,5%,6%,0%,-1%
600016,民生银行,2023-05-08,9.37,4.01,4.76,6.99,9.4,190.53%,112.99%,-3%/0%(阴),-3%,-5%,-6%,-8%,-7%,-9%,-8%
600026,中远海能,2013-08-28,10.17,2.06,6.68,4.79,10.58,151.59%,116.33%,-3%/-1%(阳),7%(板),10%,1%,2%,1%,11%,20%(板)
600031,三一重工,2006-03-24,8.89,-2.02,7.5,8.69,11.63,192.88%,162.47%,-2%/6%(阳),3%,4%,2%,-2%,7%,15%,17%
600039,四川路桥,2007-05-30,9.22,2.21,5.91,3.54,17.96,136.05%,126.36%,-10%/0%(阴),-8%,-19%,-27%,-25%,-24%,-21%,-15%(板)
600059,古越龙山,2020-11-05,10.26,-0.92,4.0,4.65,8.48,250.13%,152.17%,-3%/-1%(阴),-1%,1%,6%,11%,7%,3%,7%
600062,华润双鹤,2022-03-28,7.7,6.22,11.95,7.19,8.92,413.69%,101.42%,-4%/9%(阳),2%,11%,8%,4%,-4%,-5%,0%(板)
600067,冠城新材,2022-06-02,10.19,0.25,16.04,3.25,13.25,178.59%,114.55%,-7%/0%(阴),-5%,-6%,-9%,-8%,-7%,-2%,-5%
600067,冠城新材,2025-10-16,10.03,4.41,9.41,6.2,15.49,489.94%,122.52%,-8%/-3%(阴),-6%,-3%,-4%,-5%,-5%,-6%,-2%
600070,未找到标的,2011-07-15,10.25,6.0,7.78,0.76,5.28,172.83%,101.82%,-3%/-1%(阴),-2%,-3%,-2%,0%,3%,5%,5%
600070,未找到标的,2019-05-07,10.94,-1.52,11.66,8.65,13.18,138.39%,105.52%,-8%/-3%(阴),-10%,-13%,-16%,-17%,-14%,-13%,-14%
600071,凤凰光学,2024-10-23,9.62,-5.27,6.28,5.97,10.87,192.25%,159.44%,-1%/5%(阳),11%,21%,19%,13%,11%,9%,5%
600072,中船科技,2016-12-15,10.66,2.09,8.7,6.2,11.92,170.33%,112.9%,-4%/0%(阴),-1%,-4%,0%,0%,-2%,-5%,-6%
600074,未找到标的,2000-02-16,9.58,1.08,6.38,6.67,13.96,365.51%,124.68%,-9%/0%(阴),-6%,-7%,-9%,-12%,-13%,-12%,-10%
600075,新疆天业,2020-01-14,9.33,-1.73,4.5,3.52,10.56,193.19%,100.91%,-5%/-1%(阴),-4%,-6%,-10%,-12%,-14%,-25%,-22%
600076,康欣新材,2025-12-23,10.49,0.32,3.17,5.38,7.91,130.64%,114.58%,-2%/4%(阳),1%,3%,3%,1%,1%,11%,10%
600077,未找到标的,2006-02-10,10.98,9.76,9.98,0.81,4.04,274.65%,121.0%,-3%/5%(阴),0%,3%,2%,-6%,-10%,-9%,-6%
600077,未找到标的,2022-08-18,11.59,3.68,8.42,6.6,8.38,217.09%,105.47%,-10%/-8%(阴),-14%,-16%,-20%,-21%,-17%,-17%,-16%
600091,未找到标的,2008-12-22,10.86,3.49,8.43,4.78,11.8,162.91%,102.74%,-9%/-1%(阴),-8%,-9%,-13%,-17%,-17%,-18%,-17%
600095,湘财股份,2019-12-10,10.83,0.36,4.32,3.47,10.41,104.61%,102.82%,-1%/3%(阳),1%,3%,4%,9%,6%,5%,7%
600096,云天化,2025-11-10,10.23,5.88,6.69,2.5,8.2,192.86%,135.51%,0%/2%(阳),-1%,3%,2%,0%,-1%,-5%,-5%
600100,同方股份,2024-10-23,7.67,-3.49,5.3,6.65,10.26,148.62%,129.55%,-3%/2%(阴),4%,1%,2%,9%(板),20%,12%,10%
600102,未找到标的,2000-05-25,9.93,9.15,9.15,7.26,9.05,317.89%,141.86%,-1%/10%(阳),16%,17%,26%(板),38%,37%,37%,41%
600103,青山纸业,2000-02-16,6.42,1.12,12.35,8.77,7.77,191.94%,120.44%,-7%/7%(阴),0%,5%,3%,-5%,-6%,-5%,-4%
600113,浙江东日,2013-07-10,11.2,-1.34,7.82,6.78,12.2,164.07%,140.84%,-4%/3%(阳),2%,0%,1%,2%,0%,-4%,-11%
600116,三峡水利,2015-02-26,9.41,4.85,6.67,-0.98,8.73,141.97%,103.5%,-2%/4%(阳),4%,1%,1%,1%,0%,-5%,-3%
600117,西宁特钢,2003-04-11,8.43,0.15,5.37,8.42,11.49,107.46%,101.09%,-4%/4%(阳),3%,1%,-2%,-4%,-7%,-6%,-8%
600126,杭钢股份,2024-12-18,9.66,-2.92,5.22,4.73,6.02,117.03%,105.92%,-7%/0%(阴),-3%,-6%,-9%,-11%,-4%(板),3%,6%
600127,金健米业,1999-06-16,10.0,-1.52,8.85,9.96,12.23,189.0%,128.17%,1%/7%(阳),8%,8%,4%,5%,8%,19%,25%(板)
600135,乐凯胶片,2009-02-04,9.49,3.1,5.53,4.94,9.01,118.68%,112.28%,-1%/3%(阳),10%,20%,29%,33%,33%,46%(板),60%
600138,中青旅,2022-12-01,10.79,3.37,9.3,-1.2,10.2,184.89%,106.48%,-1%/2%(阳),3%,8%,8%,13%,6%,7%,15%
600143,XD金发科,2025-02-07,6.88,0.78,4.69,3.78,7.27,127.53%,120.22%,-4%/0%(阴),-2%,-2%,-1%,-4%,-3%,-2%,5%(板)
600149,廊坊发展,2004-02-02,8.49,1.34,6.71,7.62,7.95,165.71%,115.46%,-2%/1%(阳),6%,3%,3%,9%,8%,8%,10%
600150,中国船舶,2007-05-30,9.58,7.27,10.0,0.58,17.29,165.57%,121.57%,-5%/6%(阳),3%,-1%,-3%,0%,1%,8%(板),14%
600151,航天机电,2025-12-02,11.24,4.41,7.96,5.56,12.56,262.04%,113.6%,-5%/10%(板),21%(板),33%(板),46%,44%(板),46%,41%,50%(板)
600156,华升股份,2025-02-28,11.09,-2.43,5.04,3.25,8.41,168.12%,115.32%,0%/3%(阳),0%,0%,-2%,-3%,-5%,-5%,-4%
600158,中体产业,2009-11-03,10.37,-0.23,5.06,2.65,9.79,143.09%,115.08%,-2%/2%(阳),2%,7%,5%,5%,2%,2%,2%
600158,中体产业,2014-04-15,12.08,2.65,5.1,5.06,10.7,165.71%,141.31%,-2%/2%(阳),3%,6%,4%,3%,3%,-2%,-4%
600162,香江控股,2013-01-14,10.04,1.3,5.59,8.46,12.13,285.56%,107.03%,-2%/2%(阳),4%,4%,8%,7%,6%,5%,5%
600172,黄河旋风,2010-10-27,9.27,1.56,8.08,9.92,12.06,204.96%,129.21%,-5%/3%(阴),1%,7%,12%,7%,2%,5%,3%
600173,卧龙新能,2003-04-23,10.24,-0.13,6.21,3.65,9.19,233.76%,212.12%,-7%/-2%(阴),-6%,-9%,-11%,-15%,-19%,-19%,-18%
600178,东安动力,2013-03-22,11.43,6.59,12.01,3.3,6.73,158.62%,108.32%,-3%/-1%(阴),6%,3%,2%,0%,-1%,-1%,-1%
600180,*ST瑞茂,2014-04-08,10.69,2.6,4.97,5.29,8.2,270.47%,133.6%,2%/8%(阳),8%,8%,7%,-5%,-4%,-9%,-9%
600183,生益科技,2002-06-26,3.2,2.71,8.24,5.57,11.7,287.84%,274.79%,-2%/1%(阳),2%,0%,2%,1%,0%,4%,5%
600184,光电股份,2014-07-02,10.43,5.36,9.53,6.48,8.95,121.69%,110.53%,-4%/-2%(阴),-2%,4%,1%,4%,-1%,-2%,5%
600184,光电股份,2020-07-22,9.26,-0.95,6.27,2.78,10.06,147.51%,122.05%,1%/4%(阳),5%,0%,5%,1%,2%,-2%,3%
600185,珠免集团,2005-11-29,11.78,-0.52,5.48,-1.31,9.19,199.47%,113.95%,-6%/-3%(阴),-5%,-5%,-10%,-13%,-12%,-11%,-11%
600188,兖矿能源,2022-08-29,9.68,-1.21,4.39,2.7,9.13,147.32%,147.01%,-7%/-1%(阴),-5%,-1%,-2%,5%,7%,9%,7%
600189,泉阳泉,2020-07-30,11.41,0.74,9.63,7.84,14.95,206.08%,108.62%,-6%/-1%(阴),-1%,4%,1%,4%,0%,9%(板),13%
600198,大唐电信,2018-04-20,14.14,4.36,10.56,5.06,13.64,154.49%,104.59%,-8%/-2%(阴),-6%,-7%,-15%,-20%,-24%,-20%,-16%
600209,未找到标的,2014-09-23,10.28,3.95,7.23,5.47,7.51,217.36%,106.78%,-2%/2%(阳),4%,6%,2%,0%,-4%,-3%,-3%
600211,西藏药业,2023-02-02,8.8,5.38,6.22,8.71,9.73,213.29%,147.79%,-6%/0%(阴),0%,-2%,-4%,-3%,-4%,-4%,-3%
600212,绿能慧充,2011-05-26,11.7,-0.69,7.55,7.25,11.57,262.49%,126.86%,-9%/-2%(阴),-11%,-11%,-4%,-3%,-3%,-3%,0%
600216,浙江医药,2024-08-02,14.0,6.55,7.05,2.7,5.2,118.99%,102.83%,-9%/-1%(阴),-5%,0%,7%(板),15%,8%,-1%,-3%
600217,中再资环,2020-08-06,10.32,-2.22,7.0,3.14,11.52,169.47%,102.48%,-2%/4%(阳),0%,-1%,1%,4%,7%,7%,6%
600217,中再资环,2022-11-03,9.2,7.31,7.1,-2.53,10.51,326.39%,102.32%,-1%/6%(阳),9%,6%,8%,17%,14%,8%,7%
600230,沧州大化,2015-12-24,10.37,5.47,9.94,6.96,12.35,173.11%,100.9%,-4%/0%(阴),5%,5%,2%,1%,-1%,-7%,-7%
600231,凌钢股份,2017-06-28,10.44,0.0,4.59,1.83,7.65,154.18%,104.91%,-2%/0%(阳),0%,3%,2%,2%,6%,5%,9%
600232,金鹰股份,2011-07-07,7.96,2.55,7.1,5.23,12.55,170.77%,145.42%,-1%/8%(阳),14%(板),14%,13%,22%,16%,17%,19%
600236,桂冠电力,2014-09-16,11.27,5.12,6.91,-0.73,10.22,191.45%,107.09%,-5%/-1%(阴),-2%,-2%,-3%,-4%,-4%,-1%,-1%
600238,ST椰岛,2008-01-16,9.99,3.21,7.38,5.09,8.59,188.19%,167.18%,-5%/7%(阴),2%,2%,-4%,-2%,5%,9%,6%
600247,未找到标的,2012-08-13,11.39,3.91,8.05,9.51,11.73,419.4%,150.62%,-9%/-4%(阳),5%,-2%,-10%,-9%,-9%,-11%,-12%
600248,陕建股份,2015-11-30,9.51,-3.28,9.33,7.51,11.71,184.35%,157.9%,-8%/-3%(阴),-7%,-12%,-12%,-13%,-14%,-17%,-17%
600249,两面针,2007-08-15,10.69,6.59,10.31,0.1,18.17,145.63%,123.55%,-4%/0%(阴),-1%,0%,4%,3%,4%,1%,1%
600250,南京商旅,2025-06-05,7.88,1.26,5.06,3.02,8.01,184.8%,101.95%,-2%/5%(阳),12%(板),24%,29%(板),42%(板),46%,34%,22%
600252,中恒集团,2012-05-07,10.48,1.98,6.15,7.68,11.67,226.42%,104.07%,-1%/0%(阴),0%,5%,3%,5%,2%,-3%,-1%
600255,鑫科材料,2015-03-04,11.05,8.75,10.21,0.89,9.84,190.62%,116.72%,-4%/9%(阳),11%,7%,10%,5%,5%,3%,5%
600255,鑫科材料,2024-03-22,5.32,0.48,7.25,7.21,12.98,242.58%,123.51%,-9%/-4%(阴),-9%,-13%,-12%,-13%,-12%,-9%,-3%(板)
600258,首旅酒店,2006-12-20,10.2,5.49,9.15,4.88,10.09,125.57%,105.94%,-6%/0%(阳),8%,9%,7%,0%,4%,0%,2%
600262,北方股份,2011-03-18,10.32,-1.33,4.74,2.11,7.63,130.91%,118.03%,-2%/4%(阳),4%,1%,3%,3%,4%,1%,-4%
600262,北方股份,2012-08-14,9.97,2.11,5.39,-2.07,5.67,106.26%,101.98%,0%/10%(板),20%,11%,10%,17%,12%,10%,9%
600278,东方创业,2023-06-13,10.35,-1.61,6.32,2.64,11.21,181.07%,118.02%,-4%/-1%(阴),-4%,-6%,-7%,-8%,-8%,-7%,-7%
600283,钱江水利,2015-05-27,8.36,5.06,6.49,1.18,11.12,117.78%,102.83%,-9%/1%(阴),-8%,-9%,-2%,2%,-1%,0%,-4%
600291,未找到标的,2020-05-07,5.38,1.06,3.57,2.88,6.8,103.58%,102.71%,0%/2%(阳),5%,4%,3%,2%,2%,0%,1%
600293,三峡新材,2007-03-28,9.04,3.47,7.48,2.82,6.7,199.4%,136.3%,-8%/0%(阴),-6%,-3%,-3%,-4%,-2%,0%,2%
600293,三峡新材,2019-07-15,10.03,-2.05,3.87,4.42,7.91,186.83%,116.51%,-2%/0%(阳),-2%,1%,1%,2%,7%,6%,4%
600297,未找到标的,2015-03-04,9.91,-1.12,5.24,4.38,10.38,112.5%,102.79%,-2%/1%(阴),-1%,0%,3%,4%,7%,4%,4%
600303,曙光股份,2009-05-05,10.29,3.99,4.9,7.35,12.06,131.95%,112.56%,-3%/3%(阴),-1%,-3%,-5%,-5%,-3%,-6%,-5%
600306,未找到标的,2007-07-23,10.96,9.1,12.93,4.57,9.75,173.2%,120.82%,-4%/3%(阴),-2%,2%,3%,9%,5%,1%,-4%
600316,洪都航空,2017-07-26,11.31,-0.06,4.57,6.51,9.66,199.76%,105.7%,-3%/0%(阴),0%,-4%,-4%,-8%,-9%,-1%(板),1%
600321,未找到标的,2021-04-30,11.56,-5.94,8.22,7.77,12.62,188.88%,130.05%,-5%/-2%(阳),-5%,-5%,-5%,-1%,-1%,-1%,-1%
600336,澳柯玛,2007-08-01,9.65,6.08,10.32,0.45,10.91,141.55%,109.21%,1%/8%(阳),9%,5%,4%,2%,-1%,-2%,-5%
600336,澳柯玛,2020-03-09,7.31,3.55,11.9,5.52,10.0,178.52%,100.12%,-10%/-3%(阴),-12%,-18%,-22%,-21%,-23%,-22%,-28%
600336,澳柯玛,2024-07-30,8.19,2.93,10.84,9.21,11.4,170.28%,111.84%,-2%/5%(阳),11%,11%,2%,5%(板),7%,1%,3%
600336,澳柯玛,2024-09-18,3.13,1.14,13.07,6.55,13.3,199.38%,100.9%,-4%/0%(阳),0%,-5%,-5%,0%,5%(板),12%,19%
600339,中油工程,2020-08-07,10.98,-3.45,6.21,6.07,8.57,141.65%,121.61%,-3%/6%(阳),2%,0%,0%,-4%,-2%,0%,0%
600343,航天动力,2022-07-11,10.29,-2.36,5.24,5.64,9.31,175.1%,115.85%,-4%/-2%(阴),-3%,-3%,-5%,-13%,-5%(板),4%(板),14%
600345,长江通信,2009-12-04,9.74,4.98,7.98,3.54,13.48,181.1%,105.35%,-3%/0%(阴),-3%,-5%,-6%,-6%,-8%,-7%,-8%
600354,敦煌种业,2008-04-28,7.64,-1.74,11.77,9.93,15.29,147.55%,143.93%,-5%/-1%(阴),0%,1%,-2%,-6%,-9%,-4%,-2%
600354,敦煌种业,2017-07-20,10.18,1.54,4.03,2.22,7.94,125.21%,107.41%,-1%/9%(阳),17%,8%,13%,11%,6%,7%,7%
600358,国旅联合,2022-06-01,10.02,-1.17,4.7,2.97,8.92,130.64%,114.65%,-7%/-2%(阴),-5%,-5%,-8%,-10%,-10%,-9%,-7%
600359,新农开发,2014-05-29,8.42,4.67,7.65,4.46,13.01,255.87%,119.18%,-2%/4%(阴),-2%,-5%,-6%,-6%,-9%,-7%,-6%
600359,新农开发,2022-08-24,8.58,-0.65,6.39,4.47,11.12,142.99%,110.08%,-3%/1%(阳),2%,-2%,5%,-1%,4%(板),9%,5%
600367,红星发展,2017-09-12,10.54,2.61,5.95,-1.7,9.91,144.96%,100.33%,-3%/10%(板),17%,14%,12%,15%,17%,14%,5%
600368,五洲交通,2025-04-08,11.04,-4.33,12.2,6.58,10.7,183.2%,110.15%,-10%/7%(阳),11%,13%,12%,6%,-5%,-10%,-12%
600372,中航机载,2014-09-02,5.65,4.88,6.91,5.56,9.75,142.76%,117.96%,-3%/0%(阳),2%,-2%,-1%,-2%,-1%,1%,3%
600372,中航机载,2020-08-10,11.02,7.85,13.19,-7.32,13.79,140.3%,100.34%,-4%/3%(阳),-4%,-5%,-2%,1%,0%,0%,-3%
600381,*ST春天,2023-08-01,10.51,3.03,8.09,5.13,11.78,202.23%,124.27%,-4%/2%(阳),2%,0%,-4%,-4%,-4%,-6%,-6%
600382,广东明珠,2011-04-08,11.56,3.22,6.36,2.05,9.2,206.49%,100.74%,-1%/3%(阳),5%,1%,5%,12%,10%,9%,6%
600390,五矿资本,2010-09-02,9.81,8.39,6.75,7.56,12.64,385.73%,105.16%,-5%/-1%(阴),0%,-3%,2%,6%,2%,4%,5%
600395,盘江股份,2007-07-27,9.73,0.32,5.07,6.67,12.8,143.45%,106.75%,0%/9%(阳),15%,10%,6%,10%,8%,13%,10%
600395,盘江股份,2022-04-15,9.95,7.68,8.42,-7.92,12.61,224.13%,102.4%,-7%/0%(阴),-4%,-6%,-11%,-14%,-19%,-23%,-20%
600396,华电辽能,2026-03-10,10.51,-0.82,7.92,6.89,8.82,191.72%,100.09%,-6%/1%(阳),9%,6%,10%(板),21%(板),33%(板),46%(板),61%(板)
600397,江钨装备,2011-04-11,10.17,-1.2,6.08,2.49,7.98,129.39%,118.95%,-2%/-1%(阳),2%,0%,0%,3%,4%,1%,-1%
600399,抚顺特钢,2014-12-08,10.41,9.74,13.36,4.59,7.4,151.97%,117.2%,-10%/3%(阴),-5%,1%,10%,5%(板),7%,4%,2%
600410,华胜天成,2021-06-10,9.82,4.67,9.87,5.35,13.38,366.42%,102.76%,-3%/1%(阳),-2%,-3%,-1%,-3%,-1%,-2%,-4%
600410,华胜天成,2023-10-20,11.0,-1.89,6.22,4.68,9.37,227.43%,105.71%,-2%/9%(阴),6%,7%,6%,1%,6%(板),11%,6%
600418,江淮汽车,2018-11-26,10.29,-5.53,6.68,5.05,10.51,184.84%,104.74%,0%/6%(阳),2%,5%,4%,8%,7%,4%,6%
600446,金证股份,2022-02-11,9.79,-1.82,5.27,3.27,11.59,155.06%,140.6%,-4%/0%(阴),3%,3%,5%,10%(板),12%,7%,4%
600449,宁夏建材,2009-11-24,11.07,4.9,7.78,0.22,6.73,128.73%,110.9%,0%/10%(阳),9%,3%,4%,8%,7%,7%,7%
600477,杭萧钢构,2025-12-31,11.15,-4.73,2.7,5.32,9.22,160.32%,146.83%,-3%/-1%(阴),-2%,4%,10%(板),21%(板),33%(板),46%(板),59%
600479,千金药业,2024-11-25,10.35,7.24,9.83,-0.85,13.59,332.56%,110.87%,-4%/4%(阳),-2%,-3%,-7%,-8%,-8%,-11%,-12%
600490,鹏欣资源,2017-08-30,2.28,-3.22,5.17,5.11,9.86,266.46%,106.03%,5%/10%(板),17%,12%,10%,13%,10%,10%,11%
600491,ST龙元,2021-08-30,9.26,5.05,7.16,9.02,7.82,324.63%,143.63%,0%/6%(阳),6%,11%,17%,21%,18%,21%,19%
600495,晋西车轴,2013-07-25,9.79,4.86,5.76,-0.21,8.49,164.99%,125.22%,-4%/0%(阳),-1%,2%,1%,-1%,0%,-1%,-2%
600496,精工钢构,2025-10-17,10.94,-3.32,4.03,3.92,6.62,176.47%,112.33%,-1%/2%(阳),1%,1%,-2%,-1%,-2%,0%,0%
600497,驰宏锌锗,2013-12-02,9.87,0.48,4.39,5.32,13.59,148.36%,132.15%,-3%/0%(阳),-1%,-1%,-3%,-3%,-2%,-4%,-7%
600505,西昌电力,2023-06-01,11.16,-3.89,10.04,5.96,9.1,162.98%,150.21%,-3%/8%(阳),-1%,-4%,-8%,-8%,-9%,-9%,-10%
600515,海南机场,2024-11-07,10.53,0.25,6.3,3.52,10.55,157.61%,100.78%,-2%/3%(阴),-3%,-5%,-3%,-3%,-1%,-4%,-6%
600518,康美药业,2007-01-17,10.58,4.11,5.07,3.53,7.4,105.77%,102.0%,-2%/4%(阳),5%,6%,5%,2%,1%,-1%,-2%
600523,贵航股份,2012-08-28,9.56,-1.24,6.31,6.28,10.68,206.78%,118.05%,-3%/2%(阴),-2%,-4%,-3%,-4%,-2%,-3%,1%
600526,XD菲达环,2012-11-20,0.0,3.87,11.94,5.05,12.74,343.83%,102.71%,-5%/-2%(阳),-1%,-6%,-5%,-6%,-14%,-14%,-15%
600540,新赛股份,2023-07-14,6.53,-2.1,4.97,4.1,8.59,137.74%,104.12%,-3%/5%(阳),2%,3%,4%,1%,-1%,-1%,-1%
600547,山东黄金,2012-01-19,9.17,-0.77,4.09,6.39,10.51,148.47%,133.79%,-3%/1%(阳),6%,3%,4%,0%,4%,3%,1%
600555,未找到标的,2015-05-22,11.17,9.64,11.72,1.9,11.8,119.64%,107.58%,-4%/9%(阳),18%,17%,17%,10%,17%,5%,-5%
600559,老白干酒,2021-04-20,9.78,7.23,10.47,-0.25,10.78,138.43%,104.73%,-2%/5%(阳),5%,7%,3%,-1%,4%,-2%,-6%
600577,精达股份,2024-12-02,7.78,3.62,8.72,6.67,12.54,173.72%,112.8%,-5%/-2%(阴),-1%,-2%,-1%,5%,4%,1%,0%
600580,卧龙电驱,2021-11-23,11.06,-0.35,4.14,1.6,7.89,200.43%,159.41%,0%/5%(阳),4%,3%,12%,17%,16%,19%,16%
600582,天地科技,2020-03-05,3.47,-3.72,4.58,4.76,10.12,164.61%,118.14%,-1%/3%(阳),2%,-1%,-1%,-5%,-9%,-8%,-11%
600584,长电科技,2009-07-30,9.69,-0.53,9.15,4.78,9.2,137.77%,100.45%,-2%/1%(阳),3%,7%,7%,3%,0%,-3%,-2%
600589,大位科技,2009-04-15,8.28,1.65,5.14,8.66,11.73,147.93%,105.24%,-5%/5%(阳),4%,3%,1%,2%,-5%,-4%,-4%
600592,龙溪股份,2014-02-24,7.47,1.09,8.48,5.4,9.47,158.56%,113.71%,-6%/0%(阴),-4%,5%,-1%,0%,-2%,-2%,-4%
600601,方正科技,2020-08-07,9.15,-1.29,7.21,9.36,11.61,150.21%,131.47%,-8%/1%(阴),-2%,-7%,-4%,-7%,-9%,-6%,-7%
600601,方正科技,2025-06-09,10.72,-1.48,2.54,3.23,3.87,103.1%,100.55%,-1%/1%(阴),9%,4%,2%,0%,-1%,1%,3%
600604,市北高新,2023-12-07,11.18,-4.99,3.07,3.43,10.51,116.83%,105.08%,-2%/1%(阴),-2%,2%,2%,4%,6%,0%,-3%
600609,金杯汽车,2022-06-30,10.08,-2.44,7.79,5.32,17.06,228.81%,139.4%,-5%/4%(阳),-3%,-7%,-10%,-6%,-7%,-9%,-6%
600612,老凤祥,2000-02-16,9.49,-1.44,7.61,5.49,7.72,119.22%,107.32%,-4%/2%(阴),-2%,0%,-1%,-2%,1%,7%,8%
600619,海立股份,2006-05-24,10.46,6.06,15.2,-0.56,12.54,140.26%,124.68%,-1%/3%(阳),2%,-1%,-2%,-2%,-3%,-3%,-4%
600620,天宸股份,2021-05-31,0.61,-0.41,7.47,7.08,11.53,127.55%,114.18%,-1%/8%(阳),5%,7%,4%,1%,-2%,-1%,-2%
600622,光大嘉宝,2013-01-04,10.15,3.27,6.7,4.61,9.08,156.62%,108.2%,-3%/0%(阳),-1%,1%,4%,1%,-1%,-1%,-2%
600624,ST复华,1999-08-25,6.36,3.56,7.13,7.19,8.33,321.7%,113.32%,-3%/1%(阴),5%,1%,-1%,-2%,3%(板),10%,9%
600630,龙头股份,1999-04-09,10.62,3.98,4.12,4.92,9.97,203.05%,107.5%,-1%/6%(阴),2%,5%,1%,2%,4%,12%,11%
600631,未找到标的,2007-05-08,11.37,9.11,9.31,0.93,9.56,122.54%,102.33%,-9%/5%(阴),0%,-2%,-5%,-4%,-7%,-7%,-6%
600633,浙数文化,2023-08-24,8.45,5.2,9.17,-1.12,11.72,213.67%,124.16%,-6%/1%(阴),0%,-2%,2%,4%,9%,5%,2%
600638,新黄浦,2022-11-29,9.64,-1.14,5.84,4.6,7.22,161.41%,114.21%,-1%/1%(阴),0%,-2%,-2%,-3%,-5%,-5%,-4%
600639,浦东金桥,2022-03-04,5.33,2.23,4.69,7.44,10.68,228.05%,130.96%,-1%/4%(阳),2%,1%,0%,-1%,0%,-2%,-4%
600641,先导基电,2021-07-27,9.79,7.0,10.92,-1.24,10.4,134.45%,100.9%,-9%/0%(阴),5%,5%,9%,5%,-1%,2%,2%
600647,未找到标的,2016-12-27,11.43,1.47,11.45,7.65,11.89,204.34%,146.73%,-10%/-3%(阴),-9%,-11%,-17%,-16%,-13%,-14%,-17%
600648,外高桥,1999-11-19,8.77,4.74,5.97,7.03,11.5,328.2%,111.36%,-3%/1%(阳),2%,-1%,-2%,-3%,-3%,-5%,-3%
600651,飞乐音响,2026-01-14,9.82,2.02,8.93,2.92,9.33,126.22%,111.68%,-1%/4%(阳),4%,1%,-5%,-5%,-5%,2%,-1%
600652,未找到标的,2000-01-07,10.7,5.55,9.81,6.79,12.21,242.91%,233.46%,-2%/4%(阳),2%,-2%,-7%,-8%,-8%,-8%,-6%
600653,申华控股,2008-01-15,6.46,1.96,3.64,6.58,11.52,118.72%,105.33%,-3%/2%(阳),-1%,-3%,-4%,-13%,-15%,-9%,-11%
600661,昂立教育,1999-05-24,3.33,5.98,4.92,2.22,9.29,393.53%,100.45%,-4%/2%(阴),-2%,8%(板),11%,6%,12%,15%,20%
600661,昂立教育,2022-11-18,10.43,-1.11,6.76,3.16,9.49,245.46%,149.86%,-6%/0%(阴),4%(板),3%,0%,3%,-5%,-5%,0%
600662,外服控股,2022-04-21,10.52,1.72,6.27,4.31,11.86,298.03%,172.12%,-10%/-1%(阴),-12%,-21%,-26%,-19%,-18%(板),-16%,-19%
600664,哈药股份,2015-06-15,10.04,5.99,8.3,7.64,11.88,159.81%,121.67%,-3%/1%(阴),2%,2%,-8%,-14%,-12%,-12%,-22%
600665,天地源,2015-12-17,9.56,0.61,3.92,1.95,7.66,106.58%,102.12%,-5%/0%(阴),-5%,-5%,-5%,-7%,-6%,-7%,-12%
600671,天目药业,2026-01-21,9.94,1.48,5.73,8.47,8.66,209.08%,114.08%,-10%/2%(阴),-8%,-12%,-14%,-14%,-16%,-14%,-15%
600676,久事动娱,2024-07-12,10.0,-1.62,5.19,3.3,7.92,132.2%,124.01%,-3%/7%(阴),6%(板),17%(板),29%(板),41%,25%,25%,16%
600677,未找到标的,2014-09-04,9.99,1.97,5.2,3.46,10.43,136.34%,100.7%,-3%/-2%(阳),1%,2%,1%,0%,4%,2%,-3%
600681,百川能源,1997-04-02,11.63,7.1,11.78,-1.25,7.75,123.44%,107.05%,-1%/3%(阳),3%,5%,5%,9%(板),16%,10%,13%
600683,京投发展,2023-02-02,10.99,-1.35,2.5,2.92,7.6,155.77%,110.46%,-4%/-2%(阴),-3%,-3%,-4%,-4%,-3%,-3%,-3%
600689,上海三毛,2007-01-05,9.82,4.05,7.57,4.94,9.09,131.05%,123.29%,-5%/0%(阳),0%,1%,4%,0%,-3%,-2%,-4%
600691,潞化科技,2015-04-01,11.28,-3.19,5.55,6.94,8.51,108.11%,100.89%,-2%/0%(阳),2%,1%,6%,3%,0%,3%,6%
600696,未找到标的,2016-09-28,10.9,-0.51,4.99,0.15,7.89,152.26%,102.26%,-4%/6%(阳),6%,5%,5%,8%,6%,6%,5%
600706,曲江文旅,2023-03-21,9.39,-2.77,3.31,-1.11,6.8,129.53%,110.19%,0%/3%(阳),1%,3%,7%,11%,10%,9%,9%
600708,光明地产,2020-03-04,9.52,-1.86,5.57,7.89,10.73,224.93%,164.84%,-2%/1%(阳),-1%,-5%,-6%,-5%,-7%,-2%,5%
600718,东软集团,2001-09-12,12.77,1.12,3.71,3.31,7.59,123.43%,117.49%,-2%/0%(阴),-1%,-3%,-1%,3%,2%,0%,0%
600721,百花医药,2018-01-08,10.84,-3.28,3.46,2.23,7.51,125.34%,117.76%,-1%/3%(阴),-1%,-3%,-6%,-7%,-11%,-10%,-10%
600726,华电能源,2024-04-15,11.37,-3.02,6.47,0.44,12.0,122.42%,118.12%,-10%/2%(阴),-7%,-8%,-9%,-10%,-12%,-12%,-11%
600727,鲁北化工,2021-07-14,9.62,-2.81,4.69,7.4,10.29,217.29%,200.31%,-4%/3%(阴),1%,4%,0%,1%,6%,12%,9%
600730,*ST高科,2022-05-31,10.62,2.28,8.42,3.77,12.86,295.58%,126.74%,-5%/0%(阴),-4%,-4%,-2%,-1%,-2%,-2%,0%
600731,湖南海利,2010-12-21,11.08,1.26,5.16,1.99,5.47,128.6%,108.72%,-2%/1%(阳),1%,8%,14%,10%,9%,11%,13%
600733,北汽蓝谷,2024-02-28,5.88,5.9,7.93,-3.66,10.1,148.15%,114.18%,0%/9%(阳),16%,13%,15%,11%,14%,10%,21%(板)
600740,山西焦化,2016-08-10,7.19,7.01,6.07,8.88,9.61,366.03%,178.54%,-5%/-4%(阴),-3%,-1%,6%(板),4%,4%,0%,4%
600746,江苏索普,2011-04-27,10.98,-4.61,8.57,7.5,11.65,196.13%,156.94%,-4%/2%(阴),3%,5%,4%,3%,7%,7%,5%
600755,厦门国贸,2017-07-25,7.09,7.41,6.87,2.8,5.8,143.72%,100.31%,-1%/10%(板),13%,12%,14%,12%,14%,12%,19%
600756,浪潮软件,2018-04-26,14.04,1.59,7.32,7.62,12.6,274.59%,155.64%,-9%/0%(阴),-8%,-8%,-11%,-12%,-12%,-11%,-12%
600756,浪潮软件,2024-09-30,2.17,8.81,8.24,8.86,10.9,357.65%,130.73%,-1%/9%(阴),3%,-2%,-3%,-5%,1%,1%,3%
600764,中国海防,2021-12-06,8.62,2.48,8.66,6.3,11.03,182.33%,116.35%,-3%/2%(阴),6%,6%,4%,3%,5%,0%,-1%
600766,未找到标的,2011-03-18,10.4,2.34,5.34,4.24,12.07,204.46%,123.65%,-2%/1%(阳),3%,10%,6%,8%,4%,5%,1%
600766,未找到标的,2019-03-06,12.36,2.39,8.12,8.23,11.28,111.57%,111.39%,-2%/9%(阳),6%,-2%,1%,1%,-7%,-8%,-5%
600773,西藏城投,2013-06-19,10.17,-0.26,5.02,3.09,7.95,204.38%,137.63%,-3%/1%(阴),2%,4%,0%,4%,4%,-3%,-6%
600778,友好集团,2008-05-12,14.39,3.17,8.68,2.27,8.95,170.91%,137.05%,-4%/2%(阳),1%,-2%,-7%,-7%,-13%,-13%,-14%
600779,水井坊,1998-01-12,10.87,-4.28,8.22,9.13,9.59,149.16%,138.23%,-9%/4%(阳),12%,13%,15%,13%,15%,17%,18%
600779,水井坊,2026-02-02,10.56,-0.74,3.74,7.44,11.01,162.4%,121.62%,-3%/1%(阳),-1%,-3%,-5%,-7%,-7%,-9%,-10%
600779,水井坊,2026-05-29,11.22,2.5,4.24,2.9,8.28,171.5%,110.0%,-9%/-4%(阴),-5%,-8%,-9%,-10%,-10%,-16%,-17%
600781,未找到标的,2010-03-01,11.1,1.2,6.37,1.31,11.28,161.34%,124.56%,-4%/-1%(阴),3%,0%,0%,6%,5%,1%,-5%
600784,鲁银投资,2009-06-25,12.3,-3.06,5.86,8.38,11.95,188.03%,149.72%,-4%/1%(阳),7%,1%,-1%,-1%,3%,6%,4%
600787,中储股份,2006-05-11,9.11,4.7,8.28,5.13,13.68,229.57%,130.84%,-1%/4%(阳),3%,6%,-1%,-6%,-3%,4%,-1%
600797,浙大网新,2013-07-24,13.26,2.28,4.72,3.98,10.35,135.45%,105.92%,-5%/-1%(阴),-2%,0%,0%,0%,2%,7%,6%
600797,浙大网新,2017-08-18,7.42,4.97,11.29,5.62,8.46,244.8%,109.38%,-3%/0%(阳),1%,-2%,-5%,-4%,0%,-5%,-6%
600798,宁波海运,2015-04-07,9.96,6.25,7.65,9.84,13.93,126.94%,105.05%,-3%/9%(阳),2%,5%,7%,5%,1%,-2%,3%
600801,华新建材,2005-08-12,9.83,1.84,7.61,3.09,18.04,178.06%,155.74%,-2%/2%(阳),10%(板),20%,27%,15%,6%,3%,5%
600803,新奥股份,2013-12-05,10.24,5.24,6.57,1.66,6.4,247.02%,114.43%,-2%/9%(阳),12%,8%,6%,3%,0%,-1%,-4%
600804,未找到标的,2009-09-16,7.74,0.72,5.27,6.26,5.95,185.81%,171.32%,-1%/1%(阳),1%,-7%,-7%,-10%,-10%,-11%,-9%
600805,悦达投资,2000-01-14,19.43,-3.48,8.63,6.14,9.61,227.8%,125.62%,1%/8%(阳),6%,5%,6%,8%,11%,10%,4%
600806,未找到标的,2013-05-22,9.47,2.32,8.94,3.07,8.9,136.62%,100.31%,-3%/1%(阴),-1%,-2%,-4%,-5%,-2%,-4%,-6%
600812,华北制药,2020-12-17,10.08,-1.45,6.44,6.35,8.1,250.29%,119.96%,-4%/2%(阳),1%,2%,0%,-3%,-7%,-6%,-8%
600814,杭州解百,2022-02-16,11.37,1.99,10.73,5.06,10.65,164.66%,114.9%,-8%/-2%(阴),-6%,-6%,-7%,-8%,-9%,-8%,-9%
600815,厦工股份,2007-03-23,10.49,3.37,9.68,4.21,8.55,110.07%,104.81%,-1%/2%(阴),6%,5%,4%,1%,5%,13%,10%
600815,厦工股份,2012-12-07,10.78,-0.47,3.16,3.17,7.78,139.06%,131.42%,-2%/2%(阳),0%,2%,-1%,6%,5%,6%,11%
600815,厦工股份,2023-04-19,10.7,-4.03,5.03,3.85,6.99,117.04%,111.06%,-4%/-2%(阴),-3%,-4%,-5%,-7%,-7%,-8%,-8%
600816,建元信托,2013-05-20,10.37,1.46,3.4,1.84,7.17,123.32%,107.1%,-3%/0%(阳),1%,1%,-2%,-1%,1%,2%,0%
600826,兰生股份,2024-09-10,4.52,-4.45,4.11,6.99,7.89,156.32%,147.53%,-8%/-4%(阳),-5%,-7%,-5%,-5%,-6%,-7%,-5%
600829,人民同泰,1999-08-03,9.52,1.31,7.12,9.62,10.59,153.41%,129.18%,-4%/-1%(阴),6%,2%,1%,-3%,-3%,-4%,-6%
600836,未找到标的,2004-11-23,8.24,-0.44,6.02,7.08,12.54,183.88%,124.13%,-5%/-1%(阴),-6%,-9%,-10%,-10%,-10%,-9%,-5%
600837,未找到标的,2009-01-16,10.08,3.67,5.7,7.17,10.31,140.75%,130.27%,-5%/3%(阴),6%,7%,8%,7%,5%,10%,12%
600840,未找到标的,2007-01-10,9.41,9.7,9.51,-1.39,6.41,124.35%,110.17%,-2%/1%(阳),9%,7%,8%,5%,-8%,-8%,-6%
600841,动力新科,2025-02-26,10.36,8.51,14.49,-5.51,11.52,284.13%,106.9%,2%/10%(板),18%,18%,12%(板),20%,25%(板),21%,20%
600848,上海临港,2009-06-11,10.17,2.99,9.15,2.9,11.79,115.82%,100.55%,-3%/2%(阴),4%,-3%,-3%,-4%,-1%,-6%,-6%
600849,未找到标的,1998-04-02,9.33,8.03,8.7,1.24,14.96,262.52%,119.73%,-1%/9%(板),20%,20%,25%,21%,10%,19%,18%
600851,海欣股份,2025-04-03,10.11,0.15,5.26,5.98,7.73,284.09%,107.64%,-10%/-5%(阴),-12%,-16%,-14%,-14%,-12%,-12%,-14%
600854,春兰股份,2016-03-07,10.59,2.9,7.79,5.34,10.53,170.1%,100.06%,-3%/1%(阴),0%,-2%,-5%,-2%,-4%,-2%,-2%
600854,春兰股份,2026-05-13,9.96,-0.84,6.71,2.2,11.0,370.44%,124.27%,-3%/2%(阴),-2%,-3%,-2%,-6%,-8%,-13%,-12%
600855,航天长峰,2010-03-02,8.53,6.2,6.37,4.62,9.81,489.31%,110.96%,-4%/8%(阴),-3%,-7%,-6%,-7%,-8%,-9%,-8%
600860,京城股份,1997-04-14,6.69,-2.21,7.46,5.51,6.36,170.41%,134.35%,-2%/1%(阳),1%,4%,4%,13%,15%,14%,11%
600860,京城股份,2024-11-07,8.01,2.49,8.14,3.74,6.82,184.6%,106.26%,-3%/2%(阳),1%,0%,-3%,-3%,-7%,-10%,-11%
600862,中航高科,2017-07-26,11.44,-2.97,2.79,5.65,10.14,175.75%,153.21%,-4%/-1%(阳),-1%,-4%,-4%,-5%,-7%,2%(板),8%
600864,哈投股份,2023-08-01,9.96,1.71,6.84,4.37,8.24,164.19%,104.09%,-2%/2%(阳),4%,13%,19%(板),16%,7%,9%,4%
600871,石化油服,2014-02-18,10.36,-0.32,4.22,2.61,6.19,127.96%,110.58%,-2%/10%(板),21%(板),23%,6%,3%,1%,10%,7%
600877,电科芯片,2008-12-24,10.99,0.0,12.0,7.33,13.33,184.57%,115.78%,-9%/-2%(阴),-9%,-11%,-10%,-14%,-11%,-9%,-6%
600877,电科芯片,2016-10-11,10.82,8.84,7.97,0.0,7.67,285.32%,106.57%,-2%/1%(阳),2%,1%,1%,2%,8%,4%,-1%
600884,杉杉股份,2007-05-08,11.13,9.5,11.78,-1.97,8.56,133.04%,128.58%,-9%/-2%(阴),-3%,-5%,-7%,-9%,-9%,-9%,-1%(板)
600885,宏发股份,2000-01-11,7.82,6.5,5.76,-3.34,9.78,312.15%,153.95%,-5%/2%(阳),-1%,-4%,-8%,-8%,-6%,-7%,-7%
600889,*ST京化,2006-02-23,11.41,-1.37,5.19,4.71,6.65,125.87%,115.58%,-3%/-1%(阴),-1%,-4%,-3%,-4%,-6%,-6%,-11%
600892,大晟文化,2024-08-19,11.51,0.0,6.97,7.21,14.18,246.75%,119.52%,-6%/5%(阳),0%,-3%,-7%,-9%,-3%(板),-3%,-6%
600894,广日股份,2015-01-28,9.23,2.54,5.33,5.26,9.0,148.49%,119.75%,-3%/3%(阳),3%,2%,1%,2%,6%,4%,2%
600903,贵州燃气,2023-05-29,10.37,4.32,14.3,6.48,14.13,191.78%,110.79%,-7%/-2%(阴),-8%,-11%,-13%,-11%,-12%,-14%,-15%
600909,华安证券,2020-07-06,10.55,6.83,9.2,6.64,8.36,151.9%,111.83%,-6%/0%(阴),4%,7%,4%,6%,11%,7%,1%
600917,重庆燃气,2018-05-22,10.5,-2.03,5.37,4.51,7.8,138.17%,110.49%,-4%/-2%(阴),-4%,-5%,-2%,-4%,-6%,-10%,-6%
600939,重庆建工,2018-09-20,11.47,-1.83,3.47,1.3,7.82,115.42%,103.73%,-1%/3%(阳),1%,0%,1%,0%,-1%,-3%,-1%
600956,新天绿能,2021-09-24,9.89,-1.64,12.94,8.36,13.89,116.35%,111.19%,-9%/2%(阴),1%(板),1%,0%(板),7%,0%,-7%,-14%
600963,岳阳林纸,2023-01-06,10.79,-3.1,3.92,4.55,6.91,140.63%,109.41%,-3%/1%(阴),0%,0%,0%,2%,1%,3%,1%
600971,恒源煤电,2016-04-13,9.68,9.44,12.8,4.39,7.46,340.38%,278.17%,-8%/-2%(阴),-8%,-9%,-10%,-10%,-12%,-14%,-13%
600981,苏豪汇鸿,2015-11-05,9.11,7.62,6.87,8.22,13.02,187.46%,119.59%,-2%/3%(阴),8%,4%,1%,10%,17%,17%,19%
600985,淮北矿业,2019-02-26,9.94,3.95,7.89,-1.27,10.63,188.34%,128.42%,2%/6%(阳),8%,4%,8%,6%,7%,8%,3%
600992,贵绳股份,2006-05-17,10.16,-2.92,11.67,7.85,9.85,104.24%,103.06%,-4%/0%(阴),-1%,3%,-2%,-6%,-7%,0%,-6%
601000,唐山港,2014-11-19,10.7,0.0,2.92,3.73,11.35,189.64%,187.46%,-3%/4%(阳),5%,4%,6%,4%,9%,16%,22%(板)
601015,陕西黑猫,2016-06-16,11.23,2.18,11.3,3.59,10.38,147.65%,104.42%,-2%/1%(阴),3%,2%,7%(板),8%,12%,12%,7%
601019,山东出版,2024-08-14,10.49,-2.21,4.09,6.61,8.01,160.17%,129.13%,-1%/1%(阳),1%,3%,4%,4%,2%,0%,0%
601069,西部黄金,2015-05-28,11.79,7.18,11.15,-4.71,15.08,162.53%,106.27%,-9%/2%(阳),0%,2%,-1%,-5%,-1%,-3%,0%
601069,西部黄金,2017-04-11,9.53,-1.23,5.79,5.52,13.22,183.49%,150.23%,1%/4%(阴),4%,9%,1%,-6%,-8%,-9%,-11%
601069,西部黄金,2022-06-13,11.35,2.95,10.63,8.97,6.48,164.7%,114.85%,-6%/-3%(阳),0%,-2%,-1%,-4%,-6%,-8%,-5%
601133,柏诚股份,2025-12-16,9.75,-2.4,7.27,6.28,12.09,180.54%,128.53%,-3%/0%(阴),3%,0%,7%,14%(板),25%,16%,16%
601162,天风证券,2020-07-06,10.77,6.08,8.9,9.37,8.11,141.68%,101.32%,-6%/0%(阴),4%,4%,9%,7%,5%,5%,1%
601162,天风证券,2025-06-27,10.02,4.22,8.0,7.89,10.02,256.11%,126.29%,-4%/-1%(阳),-1%,-5%,-7%,-1%,-3%,-1%,-1%
601177,杭齿前进,2017-12-21,10.21,0.48,4.52,3.32,7.35,112.97%,109.47%,-3%/-1%(阴),1%,0%,-1%,1%,3%,3%,3%
601226,华电科工,2021-12-20,11.54,6.65,11.08,9.42,11.77,156.02%,118.22%,-10%/-4%(阴),-8%,-9%,-7%,-11%,-12%,-12%,-12%
601279,英利汽车,2023-06-13,9.46,3.91,6.64,2.82,9.02,240.92%,100.15%,-4%/-1%(阴),-3%,-3%,-4%,-5%,-5%,-4%,-6%
601388,怡球资源,2020-11-18,10.91,1.65,6.6,6.17,12.34,186.66%,105.45%,-4%/4%(阴),-1%,3%,9%(板),18%,10%,3%,4%
601579,会稽山,2021-04-20,8.42,9.88,9.01,-0.09,11.55,272.98%,101.06%,-1%/5%(阳),2%,1%,-3%,-6%,1%(板),6%,2%
601600,中国铝业,2021-02-22,2.23,1.77,5.06,8.46,6.47,146.27%,136.97%,-1%/3%(阴),3%,6%,1%,0%,-1%,1%,4%
601606,长城军工,2023-02-21,9.92,-0.76,4.13,3.62,8.78,195.89%,112.39%,-2%/0%(阴),4%,10%,17%,12%,8%,9%,10%
601607,上海医药,1998-04-02,9.33,8.03,8.7,1.24,14.96,262.52%,119.73%,-1%/9%(板),20%,20%,25%,21%,10%,19%,18%
601616,广电电气,2026-08-03,5.51,-3.68,3.16,6.56,9.02,147.76%,105.35%,-3%/-1%(阳),-2%,-5%,-5%,-5%,-5%,-4%,-3%
601689,拓普集团,2020-01-08,4.67,0.69,8.05,6.57,8.43,147.03%,125.02%,0%/7%(阴),0%,4%,10%,1%,1%,1%,1%
601698,中国卫通,2025-12-30,11.73,5.97,11.73,8.27,14.73,147.21%,136.86%,-2%/10%(板),20%(板),33%(板),38%,41%,50%(板),65%(板),65%
601700,风范股份,2016-10-13,10.26,5.93,9.71,9.4,12.14,406.91%,141.2%,-7%/-3%(阴),-3%,-6%,-5%,-5%,-6%,-7%,-8%
601702,华峰铝业,2025-08-15,10.24,-3.12,4.71,6.5,10.01,123.91%,107.14%,-3%/1%(阴),-3%,-3%,-4%,-4%,-4%,-6%,-6%
601717,中创智领,2021-07-02,11.73,1.63,6.71,2.28,10.49,201.18%,105.33%,-1%/6%(阴),2%,0%,-2%,-6%,-4%,-3%,-6%
601777,千里科技,2024-06-28,11.59,-0.28,4.16,6.67,9.72,190.72%,133.34%,-5%/2%(阴),-2%,-2%,-7%,-13%,-11%,-5%(板),1%
601788,光大证券,2021-03-09,10.05,2.05,8.73,4.54,9.01,152.52%,111.79%,-8%/-2%(阴),-5%,1%,-5%,-7%,-4%,-4%,-5%
601828,美凯龙,2026-04-30,5.31,-3.7,3.7,2.69,5.77,145.62%,102.03%,-5%/0%(阴),0%,0%,6%,4%,2%,3%,1%
601857,中国石油,2024-01-29,9.92,6.38,8.39,-1.18,7.06,171.04%,103.17%,-1%/2%(阳),1%,-1%,-2%,0%,-1%,-1%,0%
601858,中国科传,2026-07-31,10.72,-1.3,4.69,4.38,11.13,178.47%,121.01%,-3%/10%(板),21%(板),29%,33%,34%,35%,31%,28%
601882,海天精工,2022-10-19,9.84,2.28,5.45,8.11,9.89,257.78%,109.86%,-5%/-2%(阳),1%,10%(板),21%,32%(板),37%,26%,20%
601918,新集能源,2021-09-09,9.77,4.29,8.57,7.46,12.94,126.75%,125.47%,-6%/-2%(阴),-2%,0%,1%,2%,1%,-2%,0%
601929,吉视传媒,2026-01-13,10.83,6.06,5.81,7.62,15.48,258.63%,113.0%,-6%/5%(阳),0%,-6%,-13%,-13%,-8%,-11%,-12%
601992,金隅集团,2012-12-07,10.8,1.27,4.12,6.42,11.11,155.07%,145.91%,-2%/4%(阳),4%,2%,6%,11%,15%,13%,10%
601999,出版传媒,2021-04-20,9.97,-0.78,6.09,5.51,11.34,161.64%,139.26%,-4%/0%(阳),-1%,2%,4%,2%,-3%,-5%,-7%
603003,未找到标的,2015-12-29,11.43,3.05,10.24,5.57,12.11,175.12%,104.63%,-4%/1%(阳),4%,1%,-3%,-3%,-5%,-8%,-14%
603006,联明股份,2021-11-02,7.43,2.84,6.65,4.56,12.3,303.68%,169.42%,-5%/0%(阳),2%,3%,3%,13%(板),18%,9%,10%
603007,顺景科技,2019-02-15,10.26,9.56,13.99,3.84,10.9,229.27%,121.36%,-3%/1%(阳),-3%,-5%,-6%,-5%,-2%,-3%,-6%
603019,中科曙光,2017-04-07,10.49,-1.76,6.39,5.84,7.63,126.11%,105.01%,-2%/4%(阳),10%,1%,-1%,0%,1%,-1%,-6%
603021,*ST华鹏,2016-11-25,0.61,-4.1,4.6,2.56,11.42,386.29%,152.49%,1%/9%(阳),4%,1%,3%,-6%,-8%,-10%,-7%
603022,新通联,2016-11-21,12.23,1.92,6.52,7.95,11.58,238.69%,114.07%,-5%/-1%(阳),-3%,-5%,-6%,-10%,-11%,-12%,-12%
603025,大豪科技,2025-10-28,7.86,3.87,6.99,6.36,11.95,302.1%,113.44%,-3%/6%(阴),3%,-4%,-7%,-5%,-6%,-4%,-6%
603028,赛福天,2021-10-12,10.81,6.3,10.94,3.22,6.96,143.48%,100.65%,-4%/-1%(阴),-1%,2%,1%,7%,4%,3%,1%
603028,赛福天,2021-11-18,9.69,5.98,7.27,-0.76,8.46,243.62%,123.07%,1%/5%(阳),7%,5%,3%,4%,5%,14%(板),17%
603033,三维股份,2020-02-24,9.45,1.91,4.52,6.85,10.55,136.05%,131.4%,-4%/1%(阳),5%,3%,2%,3%,4%,3%,5%
603035,常熟汽饰,2021-11-25,9.65,-3.51,9.23,6.26,8.96,252.96%,118.01%,-3%/5%(阳),3%,7%,9%,10%,8%,2%,-1%
603052,可川科技,2025-08-05,8.46,-0.96,4.03,5.63,7.67,112.88%,112.58%,-3%/1%(阳),0%,3%,6%,1%,4%,4%,0%
603060,国检集团,2021-03-18,11.14,-2.01,4.47,4.06,6.89,129.14%,106.57%,-3%/5%(阳),9%,5%,6%,-2%,-6%,-5%,-5%
603063,禾望电气,2020-12-23,10.04,3.14,10.7,-1.57,11.65,129.93%,100.24%,-4%/0%(阴),-2%,-1%,-3%,-5%,-3%,3%,2%
603076,乐惠国际,2024-09-30,10.85,6.88,5.5,8.58,8.63,172.48%,142.54%,-1%/9%(阴),1%,-7%,-13%,-16%,-16%,-19%,-15%
603081,大丰实业,2023-12-18,8.85,-2.71,5.5,2.03,9.37,168.54%,103.39%,-1%/10%(阳),8%,4%,4%,3%,0%,4%,4%
603083,剑桥科技,2025-05-12,10.03,2.42,7.99,6.72,6.28,147.46%,110.91%,1%/4%(阴),2%,-3%,-1%,-2%,-6%,-6%,-7%
603085,天成自控,2021-11-10,10.09,6.17,7.17,4.86,10.68,396.82%,101.74%,-2%/6%(阳),8%,9%,5%,2%,1%,0%,3%
603099,长白山,2024-11-06,12.19,1.38,11.76,8.93,13.16,139.77%,136.13%,-3%/9%(板),19%,6%,8%,8%,2%,-1%,-1%
603101,汇嘉时代,2026-04-14,9.71,-3.62,3.85,5.88,8.7,128.33%,119.59%,-2%/4%(阳),9%,11%,14%,13%,13%,16%,18%
603105,芯能科技,2026-08-26,9.8,-1.55,6.07,6.04,8.4,151.35%,112.29%,-4%/-3%(阳),-4%,-6%,-2%,-3%,0%,1%,-1%
603111,康尼机电,2021-07-26,9.05,-3.18,4.86,7.14,10.81,143.14%,127.05%,-3%/1%(阴),-1%,-2%,-3%,-3%,-4%,-5%,-6%
603115,海星股份,2020-11-30,10.46,1.54,8.08,7.36,9.04,192.36%,123.95%,-6%/1%(阴),-8%,-13%,-11%,-12%,-10%,-11%,-13%
603126,中材节能,2021-09-02,7.98,-0.11,5.91,8.26,12.83,154.12%,112.94%,-4%/-1%(阴),-1%,-3%,-1%,5%,5%,3%,3%
603131,上海沪工,2021-08-17,9.6,1.88,7.65,2.33,10.1,147.81%,103.14%,-3%/3%(阳),4%,3%,12%,9%,4%,4%,3%
603132,金徽股份,2025-11-17,9.93,-2.99,4.98,3.76,9.92,155.6%,104.63%,-4%/1%(阴),-3%,1%,-4%,-12%,-12%,-10%,-11%
603150,万朗磁塑,2022-06-28,10.34,-2.54,3.22,4.56,7.63,113.82%,106.15%,-5%/-1%(阴),-4%,-5%,-5%,-4%,-7%,-8%,-8%
603156,XD养元饮,2026-05-20,5.49,-6.02,11.8,1.43,9.16,156.33%,148.52%,-9%/-2%(阴),-7%,-6%,-10%,-6%,-8%,-11%,-13%
603159,上海亚虹,2022-04-08,9.66,-3.4,8.51,5.5,12.9,193.2%,124.04%,-6%/3%(阳),0%,-2%,-4%,-5%,-6%,0%,-4%
603166,福达股份,2026-06-18,11.0,6.82,9.12,4.3,8.6,255.51%,110.51%,-2%/3%(阳),0%,-2%,-5%,-10%,-14%,-16%,-11%(板)
603179,新泉股份,2024-10-09,6.86,5.73,7.62,-0.48,13.07,217.36%,169.81%,-1%/4%(阳),2%,-3%,-7%,-11%,-12%,-6%,-6%
603190,亚通精工,2023-08-17,10.04,-2.83,3.53,1.95,5.79,112.6%,107.46%,-1%/5%(阳),2%,1%,4%,0%,-1%,-1%(板),9%(板)
603216,梦天家居,2026-01-20,10.83,1.67,7.12,7.04,9.96,172.79%,157.38%,-2%/9%(阳),5%,1%,1%,-2%,-9%,-11%,-11%
603226,菲林格尔,2025-07-29,10.59,5.93,12.97,-0.66,9.42,141.43%,107.15%,0%/9%(阳),7%,5%,8%,15%,23%,23%,29%
603228,景旺电子,2019-07-01,8.57,-1.4,3.87,2.22,4.27,125.23%,109.95%,-2%/0%(阴),-2%,-5%,-5%,-5%,-6%,-7%,-7%
603232,格尔软件,2025-10-17,9.87,-2.14,2.81,3.24,5.99,151.55%,119.6%,-2%/6%(阴),2%,0%,6%(板),17%(板),29%,34%(板),47%
603267,鸿远电子,2020-08-10,7.9,4.52,12.68,5.31,7.78,170.23%,115.69%,-2%/3%(阳),-2%,-2%(板),1%,7%,13%,11%,11%
603268,松发股份,2026-07-08,8.99,-1.82,6.66,4.61,10.18,138.84%,127.64%,-9%/0%(阴),0%,1%,-3%,-2%,-3%,-9%,-9%
603269,海鸥股份,2024-05-06,2.65,4.31,8.2,7.12,14.03,217.69%,104.37%,-3%/1%(阳),0%,-3%,-5%,-2%,-3%,-3%,-3%
603277,银都股份,2020-11-09,10.68,3.62,7.24,7.06,9.22,155.53%,105.54%,0%/6%(阳),10%,8%,5%,14%,14%,15%,15%
603278,大业股份,2026-04-21,9.71,5.33,6.91,4.66,12.65,280.26%,101.15%,-5%/-2%(阳),1%,-3%,-8%,-10%,-11%,-14%,-7%(板)
603282,亚光股份,2023-11-01,5.78,-3.78,4.57,4.3,7.71,157.4%,119.61%,-2%/0%(阴),0%,-1%,-1%,2%,0%,-2%,0%
603283,赛腾股份,2026-07-01,10.58,2.84,6.24,-0.02,11.51,165.91%,131.31%,-10%/-8%(阴),-13%,-14%,-14%,-14%,-11%,-9%,-17%
603299,苏盐井神,2019-07-03,8.3,-0.13,5.79,4.58,10.65,186.05%,170.52%,-3%/2%(阳),0%,5%,10%(板),10%,9%,8%,15%
603303,得邦照明,2019-11-08,6.97,-4.13,4.13,4.1,10.51,270.47%,103.17%,-5%/3%(阳),1%,1%,5%,3%,-1%,-2%,-3%
603305,旭升集团,2021-11-02,9.05,2.12,4.95,3.73,8.38,133.26%,123.33%,-3%/0%(阴),0%,2%,-1%,-1%,2%,1%,2%
603308,应流股份,2014-06-18,8.74,-2.31,5.09,2.92,7.97,136.87%,131.08%,0%/9%(阳),10%,9%,6%,8%,16%,22%(板),27%
603308,应流股份,2020-07-13,10.42,-0.25,8.29,0.84,11.48,118.62%,102.78%,-6%/0%(阴),-3%,-9%,-12%,-4%(板),2%,7%,3%
603311,金海高科,2022-06-28,9.94,-0.15,8.15,8.98,13.58,154.59%,154.5%,-8%/0%(阴),-7%,-10%,-7%,-8%,-10%,-12%,-11%
603313,梦百合,2018-09-26,9.45,0.0,4.79,3.92,7.19,138.96%,116.11%,-1%/3%(阳),1%,1%,1%,1%,-2%,0%,1%
603318,水发燃气,2024-11-20,3.04,5.01,16.47,6.4,10.16,228.24%,121.68%,-6%/3%(阴),3%(板),13%,8%,3%,1%,-5%,-5%
603324,盛剑科技,2026-05-22,10.45,7.38,5.87,-7.33,11.03,231.87%,122.48%,-3%/2%(阳),-1%,1%,2%(板),12%(板),14%,14%,10%
603332,苏州龙杰,2025-12-31,10.05,-3.41,3.99,4.2,9.16,212.82%,113.18%,-2%/0%(阴),-1%,-2%,-2%,-2%,-1%,0%,-2%
603337,杰克科技,2025-08-15,10.54,0.7,10.57,9.34,11.68,131.4%,120.13%,-7%/-1%(阴),-6%,-12%,-9%,-10%,-11%,-12%,-10%
603339,四方科技,2026-07-10,11.88,-0.9,4.65,6.0,8.74,114.98%,109.43%,-5%/-1%(阳),-4%,-15%,-22%,-25%,-29%,-29%,-32%
603355,莱克电气,2025-10-24,10.35,1.86,5.08,1.82,6.04,122.21%,105.86%,0%/7%(阳),9%,8%,8%,6%,4%,3%,2%
603369,今世缘,2015-05-27,9.37,6.83,9.69,6.04,13.05,125.84%,107.58%,-6%/9%(阴),2%,5%,3%,-2%,-1%,-3%,-5%
603379,三美股份,2021-07-07,11.49,4.16,6.96,5.94,7.75,186.21%,100.91%,-6%/-2%(阴),-7%,-4%,-6%,1%,2%,2%,1%
603387,基蛋生物,2024-09-30,10.53,2.99,4.98,6.88,8.33,225.71%,209.81%,0%/10%(阴),3%,-1%,-5%,-7%,-3%,-7%,-6%
603388,未找到标的,2019-12-18,9.54,0.51,3.44,3.93,9.77,109.64%,104.03%,-2%/0%(阴),1%,4%,-2%,-4%,0%,0%,-1%
603393,新天然气,2022-02-24,9.11,1.06,3.99,8.42,7.18,145.31%,143.86%,-6%/-2%(阳),-2%,-7%,-4%,2%,-3%,-2%,-7%
603399,永杉锂业,2013-03-13,7.31,5.75,8.8,5.63,12.25,247.81%,116.69%,-6%/-1%(阳),1%,-5%,2%,7%,7%,14%,10%
603416,信捷电气,2019-02-15,10.96,6.86,10.29,1.49,7.99,124.04%,100.78%,-1%/10%(阳),7%,3%,2%,2%,11%,13%,11%
603439,三力制药,2026-05-26,8.93,3.29,7.14,-6.5,11.86,139.28%,110.59%,-2%/4%(阳),9%,17%(板),25%,26%,19%,17%,24%
603506,南都物业,2025-09-16,9.75,-1.87,6.53,7.2,9.1,122.7%,113.58%,-5%/-2%(阴),-4%,-8%,-10%,-11%,-12%,-12%,-12%
603508,思维列控,2019-05-06,4.83,6.42,13.26,7.41,15.46,191.83%,146.07%,-4%/3%(阳),-1%,-2%,5%,15%,27%,31%,37%(板)
603519,立霸股份,2020-05-15,9.79,-2.25,5.37,2.38,12.72,180.14%,105.16%,2%/9%(阳),11%,10%,8%,3%,0%,7%(板),16%
603520,司太立,2024-03-13,10.52,5.39,6.95,6.02,10.14,194.5%,103.61%,-1%/5%(阴),3%,2%,5%,3%,2%,-1%,-4%
603527,众源新材,2021-10-21,11.53,-0.26,4.23,4.95,9.45,131.83%,123.45%,-6%/0%(阴),-4%,-2%,-4%,-6%,-11%,-11%,-12%
603528,多伦科技,2023-07-12,10.72,-2.23,4.23,3.25,7.45,160.85%,111.52%,-5%/-2%(阳),-2%,-3%,-5%,-6%,-3%,4%,0%
603535,嘉诚国际,2023-12-01,9.35,-3.91,8.45,7.75,7.75,212.15%,125.78%,-4%/2%(阳),-1%,0%,6%,0%,-3%,3%,-1%
603538,美诺华,2026-03-17,12.1,-0.95,5.64,4.89,8.75,155.25%,107.42%,-3%/2%(阳),-2%,5%(板),11%,11%(板),22%(板),35%(板),48%(板)
603558,健盛集团,2015-11-05,11.1,4.55,8.0,3.1,11.7,117.11%,100.62%,-1%/4%(阴),4%,1%,2%,9%,6%,-1%,2%
603569,长久物流,2024-07-31,11.84,-3.03,3.72,2.7,4.84,180.81%,111.79%,-1%/0%(阳),-1%,-2%,-3%,-2%,-3%,-4%,-6%
603598,引力传媒,2025-06-11,10.51,0.05,6.43,3.73,6.75,164.82%,123.34%,-4%/0%(阳),-2%,-3%,-3%,-6%,-5%,-6%,-9%
603603,未找到标的,2020-07-21,12.4,3.26,9.07,9.8,13.96,130.38%,112.83%,-9%/7%(阳),-5%,-15%,-13%,-11%,-12%,-14%,-12%
603610,麒盛科技,2021-10-25,9.08,1.29,6.2,4.58,7.49,147.47%,100.81%,-9%/0%(阴),-9%,-8%,-12%,-8%,-7%,-11%,-11%
603612,索通发展,2022-03-03,11.53,0.31,7.5,5.12,6.66,246.47%,103.44%,-2%/2%(阳),2%,-1%,-7%,-8%,-8%,-4%,-9%
603613,国联股份,2024-03-26,10.82,-1.11,6.81,7.32,10.07,159.92%,105.96%,-8%/-1%(阴),-3%,-7%,-3%,-2%,-4%,-5%,-8%
603616,韩建河山,2025-06-24,10.12,-1.57,8.3,3.64,10.25,392.81%,103.34%,-1%/9%(阳),5%,10%(板),21%,5%,2%,2%,2%
603655,朗博科技,2024-09-26,9.33,0.07,6.59,7.42,10.57,144.23%,108.85%,-3%/2%(阳),12%,22%,14%,4%,3%,2%,3%
603669,灵康药业,2020-02-05,9.79,-1.64,9.6,6.79,9.88,116.16%,102.75%,-2%/9%(阳),6%,-4%,-9%,-10%,-11%,-11%,-11%
603669,灵康药业,2026-07-15,10.52,8.82,15.0,9.59,15.14,178.45%,107.91%,-9%/3%(阴),-16%,-26%,-35%,-29%,-33%,-34%,-33%
603676,卫信康,2025-04-24,11.75,1.75,7.09,8.78,11.76,271.83%,118.66%,-6%/-2%(阴),-8%,-12%,-12%,-14%,-13%,-14%,-14%
603685,晨丰科技,2025-08-28,11.3,-2.54,5.95,6.16,8.15,162.22%,102.16%,-3%/0%(阳),2%,0%,-2%,-5%,-6%,-2%,-2%
603688,石英股份,2026-02-24,9.9,-5.96,6.95,9.12,8.06,118.54%,105.88%,0%/4%(阳),3%,2%,8%,7%,2%,8%(板),14%
603700,宁水集团,2020-08-19,9.98,3.15,4.7,-1.15,7.86,143.67%,125.79%,-2%/2%(阴),0%,1%,-2%,-3%,-4%,-2%,-2%
603711,香飘飘,2023-02-06,11.53,5.69,9.82,5.65,12.14,306.34%,111.51%,-4%/0%(阴),-1%,1%,1%,8%(板),14%,12%,5%
603716,塞力医疗,2023-08-01,10.15,2.85,7.22,1.66,11.09,191.53%,107.52%,-3%/1%(阴),0%,-4%,-8%,-1%(板),9%(板),20%(板),32%(板)
603717,天域生物,2026-05-07,9.49,-1.19,5.31,1.07,6.17,142.39%,103.77%,-1%/1%(阴),1%,2%,2%,9%(板),6%,3%,1%
603718,*ST海利,2018-10-24,11.71,9.79,12.19,-3.05,12.28,131.98%,119.61%,-3%/4%(阳),5%,-1%,1%,1%,1%,5%,14%
603725,天安新材,2025-05-22,10.15,1.64,9.73,6.72,13.81,378.63%,127.76%,-9%/8%(阳),5%,1%,-5%,-7%,-9%,-11%,-7%
603726,朗迪集团,2024-10-23,10.56,-2.74,7.22,3.13,9.75,128.27%,100.62%,-1%/4%(阳),11%,18%,13%,7%,6%,9%,6%
603738,泰晶科技,2019-09-18,13.65,-4.29,6.36,6.11,10.88,123.12%,114.04%,-3%/4%(阳),-3%,-10%,-10%,-12%,-15%,-20%,-21%
603778,国晟科技,2017-04-07,2.29,0.76,5.26,5.9,12.69,201.01%,122.18%,0%/9%(阳),6%,-2%,3%(板),6%,0%,0%,-2%
603779,威龙股份,2026-04-30,11.41,-1.28,12.64,7.19,7.34,132.6%,102.27%,11%/10%(板),21%(板),33%(板),46%(板),61%(板),77%(板),94%(板),83%
603810,XD丰山集,2024-09-04,10.99,-0.68,4.43,3.54,7.54,111.94%,103.63%,-6%/-2%(阴),-4%,-5%,-2%,0%,-3%,-5%,-11%
603818,曲美家居,2016-08-11,8.25,-1.53,5.34,7.24,10.62,116.62%,102.33%,-3%/0%(阳),2%,-1%,1%,0%,0%,5%,7%
603819,神力股份,2020-08-20,9.95,-1.06,7.65,9.54,12.23,106.49%,102.92%,-2%/2%(阳),3%,9%,13%,21%,10%,16%(板),24%
603839,安正时尚,2022-01-26,10.42,-4.48,7.08,4.47,16.03,147.4%,110.15%,-6%/-3%(阴),-4%,-8%,-15%,-10%,-12%,-13%,-7%(板)
603843,*ST正平,2019-03-20,10.58,-2.96,4.97,4.68,10.24,137.01%,104.51%,-2%/0%(阳),5%,6%,11%(板),23%,19%,11%,12%
603878,武进不锈,2024-11-20,9.82,5.19,10.06,1.23,13.43,125.43%,117.1%,-2%/3%(阴),0%,1%,2%,3%,4%,5%,0%
603879,永悦科技,2023-06-26,9.69,-0.77,4.95,6.39,13.71,245.99%,137.8%,-5%/-2%(阳),4%,1%,0%,3%,1%,6%,7%
603901,永创智能,2025-01-22,12.92,3.3,7.22,5.92,13.74,257.74%,149.28%,-5%/-2%(阴),-2%,-2%,-2%,4%,11%,12%,20%
603918,金桥信息,2021-12-22,10.81,0.59,10.18,9.29,10.0,240.11%,139.75%,-7%/10%(阳),5%,7%(板),13%,5%,6%,3%,5%
603918,金桥信息,2026-07-30,11.19,0.29,7.01,6.51,11.48,301.64%,144.52%,-4%/9%(阳),2%,2%,2%,3%,0%,3%,4%
603920,世运电路,2017-11-14,9.77,-1.72,5.79,3.55,9.08,213.27%,123.31%,-2%/3%(阴),0%,-2%,-10%,-12%,-8%,-10%,-12%
603931,格林达,2025-12-01,9.46,-1.55,3.71,6.34,11.22,140.69%,140.4%,-3%/2%(阳),-2%,2%,-4%,3%,6%,9%,9%
603949,雪龙集团,2021-11-26,11.15,4.21,5.4,2.57,6.28,134.86%,116.37%,0%/9%(阳),9%,11%,11%,11%,10%,9%,8%
603966,法兰泰克,2023-02-15,8.78,1.68,4.4,4.9,8.07,116.89%,109.06%,-1%/7%(阳),10%,5%,5%,5%,5%,3%,0%
603980,吉华集团,2025-05-06,8.68,-4.98,4.15,3.71,13.54,171.98%,106.38%,-2%/1%(阳),1%,-1%,-1%,-2%,-3%,-3%,4%(板)
603986,兆易创新,2026-01-07,6.85,6.41,8.2,4.67,6.77,124.93%,117.32%,-2%/1%(阴),-4%,0%,4%,3%,-2%,6%(板),11%
603988,中电电机,2015-05-28,9.11,9.99,9.93,-5.08,15.08,219.34%,178.36%,-9%/3%(阳),-2%,-2%,3%,-2%,-5%,-6%,-8%
603988,中电电机,2025-09-09,10.41,1.79,4.69,3.87,7.07,144.98%,104.76%,-4%/-1%(阳),0%,6%,2%,0%,8%(板),19%(板),31%
603990,麦迪科技,2021-09-29,8.71,-2.69,5.47,4.76,10.23,132.52%,109.93%,-2%/3%(阳),3%,0%,3%,5%,0%,-1%,-3%
603992,松霖科技,2020-03-09,9.73,0.22,10.15,6.39,12.13,145.43%,106.64%,-5%/2%(阳),0%,-7%,-4%,-3%,-5%,-8%,-10%
603997,继峰股份,2021-11-11,10.5,5.96,6.86,5.24,14.18,142.06%,120.66%,-1%/3%(阳),6%,4%,5%,5%,2%,2%,0%
605005,合兴股份,2024-03-22,10.32,-1.55,5.72,2.76,9.08,142.51%,132.44%,-6%/-3%(阴),1%,-3%,-2%,-5%,-5%,-6%,-7%
605018,长华集团,2026-06-05,11.83,5.69,6.89,5.45,8.26,153.61%,102.33%,-4%/3%(阳),12%(板),17%,1%,-6%,-8%,-12%,-11%
605033,美邦股份,2025-08-25,10.46,-2.19,4.0,4.47,8.77,117.14%,100.39%,-2%/9%(阳),4%,1%,3%,3%,3%,-2%,-3%
605086,龙高股份,2025-12-02,10.91,8.56,6.3,9.35,12.06,117.84%,109.47%,-9%/0%(阴),-2%,5%,4%,6%,1%,1%,2%
605118,力鼎光电,2025-03-11,11.46,-3.32,6.68,2.8,11.4,136.68%,101.62%,0%/1%(阳),9%(板),14%,11%,9%,16%,24%,16%
605123,派克新材,2026-01-12,11.35,5.24,9.63,5.6,12.56,126.98%,102.38%,-10%/-4%(阴),-9%,-13%,-13%,-7%,-7%,-14%,-12%
605133,嵘泰股份,2024-04-10,10.02,-2.71,5.37,6.72,9.83,208.41%,130.68%,-3%/2%(阳),6%,3%,-6%,-8%,-10%,-13%,-14%
605158,华达新材,2021-04-09,10.82,0.75,9.98,0.89,12.3,194.58%,112.75%,-9%/-4%(阴),-6%,-8%,-10%,-10%,-9%,-5%,-7%
605166,聚合顺,2021-11-12,11.02,-0.78,6.39,4.0,10.62,120.36%,102.93%,-1%/1%(阴),8%(板),10%,7%,8%,15%,18%(板),26%
605189,富春染织,2026-04-13,0.82,4.93,7.49,6.19,13.74,317.36%,100.14%,-6%/-3%(阴),-5%,-1%,3%,2%,6%,3%,2%
605222,起帆电缆,2024-07-24,10.88,-0.82,4.98,4.89,7.75,109.06%,105.61%,-2%/4%(阳),9%,10%,6%,8%,8%,4%,3%
605228,神通科技,2026-01-08,10.3,-2.4,4.68,4.36,9.34,122.46%,105.32%,-3%/-1%(阳),-2%,-4%,-5%,-6%,-5%,-5%,-6%
605258,协和电子,2023-07-14,10.66,-0.03,5.31,-1.72,11.34,483.54%,107.83%,-4%/-2%(阴),4%,-1%,-3%,-7%,-11%,-10%,-10%
605288,凯迪股份,2021-10-26,10.83,1.35,4.88,6.02,10.38,168.0%,140.21%,-3%/6%(阳),5%,2%,0%,-2%,-2%,-2%,-1%
605288,凯迪股份,2022-08-11,9.89,1.21,7.19,2.41,9.47,253.32%,133.79%,-6%/-4%(阴),-1%,-2%,7%(板),10%,9%,3%,7%
605299,舒华体育,2025-07-30,5.19,1.08,7.86,5.25,12.05,236.62%,115.25%,-5%/2%(阳),-7%,-5%,-11%,-12%,-13%,-13%,-13%
605299,舒华体育,2026-03-18,9.97,-4.32,4.6,5.71,5.56,214.56%,128.38%,-3%/1%(阳),8%(板),10%,14%(板),26%(板),38%,36%(板),48%
605319,无锡振华,2025-02-26,9.25,-2.19,7.59,4.92,11.0,155.49%,101.13%,-1%/8%(阴),7%,3%,4%,11%(板),22%,29%,26%
605376,博迁新材,2025-08-21,9.85,0.61,8.76,3.29,11.16,160.66%,111.28%,4%/9%(阳),8%,5%,2%,5%,3%,7%,6%
605378,野马电池,2025-08-08,11.02,5.81,11.7,2.15,12.89,156.16%,114.89%,5%/9%(板),20%,14%,12%,7%,5%,8%,9%
605398,新炬网络,2023-06-02,10.12,-1.78,4.87,6.04,11.52,244.99%,122.1%,-5%/-3%(阴),-5%,-4%,-5%,-3%,-3%,-1%,-1%
605499,东鹏饮料,2022-06-29,9.09,-2.89,5.4,6.54,10.37,199.24%,145.94%,-1%/2%(阳),1%,-2%,-3%,-4%,-5%,-2%,-3%
605566,福莱蒽特,2022-08-11,10.94,0.38,8.01,5.48,11.72,356.16%,178.4%,-4%/0%(阴),3%,1%,7%,-2%,-3%,-5%,-5%
605580,恒盛能源,2025-06-23,10.92,-2.52,7.49,7.18,8.01,293.69%,105.77%,-2%/1%(阳),0%,8%,7%,6%,7%,6%,7%
000002,万  科Ａ,2016-08-08,11.58,6.51,8.49,4.39,11.46,115.55%,102.59%,-3%/1%(阴),0%,-3%,4%(板),14%(板),26%(板),25%,26%
000007,全新好,2024-10-09,8.46,7.24,8.12,-1.38,13.09,196.69%,133.32%,-2%/3%(阴),1%,-6%,-1%,-6%,-4%,-7%,-5%
000008,神州高铁,2024-07-23,11.29,-0.98,5.85,7.39,12.32,507.49%,182.95%,-6%/-4%(阴),-2%,-3%,-2%,-3%,0%,7%(板),14%
000009,中国宝安,2021-02-23,10.46,9.94,9.83,4.96,10.4,194.31%,113.29%,-6%/3%(阴),-3%,-7%,-9%,-6%,-11%,-13%,-13%
000009,中国宝安,2021-06-09,8.15,8.74,6.07,5.33,9.84,281.0%,105.04%,-1%/9%(板),13%,20%,16%,17%,25%,35%,27%
000014,沙河股份,2023-06-08,10.64,1.13,9.59,6.55,11.47,259.36%,130.64%,-6%/-3%(阳),-2%,2%,3%,0%,5%,1%,-3%
000025,特  力Ａ,2024-04-10,10.01,-3.77,4.52,1.81,6.27,121.88%,105.86%,-3%/2%(阳),3%,-2%,-6%,-10%,-9%,-10%,-13%
000031,大悦城,2026-01-22,10.85,0.31,6.77,4.29,8.28,151.55%,102.94%,-3%/0%(阴),-3%,-4%,3%,9%(板),20%,12%,12%
000035,中国天楹,2019-06-21,10.81,4.62,5.39,2.76,6.45,172.48%,105.42%,-4%/1%(阴),6%(板),17%,12%,10%,15%,10%,16%
000037,深南电A,2024-01-19,12.04,-3.47,8.13,2.81,11.11,238.12%,112.65%,-2%/3%(阳),1%,4%,14%,7%,11%(板),22%(板),35%
000039,中集集团,1999-06-14,9.89,9.21,9.32,0.86,6.01,212.91%,123.03%,-9%/1%(阴),0%,3%,2%,7%,4%,6%,11%
000045,深纺织Ａ,1997-04-02,9.44,5.96,8.79,9.63,14.3,240.84%,164.58%,4%/8%(阳),13%,21%,7%,6%,6%,0%,-2%
000045,深纺织Ａ,2015-05-04,10.01,4.75,5.82,6.84,13.42,133.61%,103.55%,-4%/5%(阳),1%,-2%,-2%,2%,1%,-1%,-1%
000048,京基智农,2021-02-10,10.62,9.17,13.22,3.37,10.83,151.15%,106.48%,-5%/0%(阴),0%,-3%,-7%,-9%,-11%,-14%,-10%
000056,*ST皇庭,2005-06-13,12.33,-0.24,6.83,2.44,13.45,249.13%,115.25%,-10%/-4%(阴),-12%,-11%,-11%,-13%,-14%,-15%,-12%
000058,深 赛 格,2013-10-14,10.63,0.34,6.61,7.26,11.99,153.66%,101.01%,-5%/0%(阳),-1%,-5%,-6%,-5%,-6%,-12%,-16%
000060,中金岭南,2016-07-06,7.01,0.95,3.79,3.24,9.29,153.93%,118.23%,-2%/2%(阴),0%,2%,2%,7%,1%,1%,0%
000060,中金岭南,2021-02-22,4.16,3.57,6.3,5.88,6.69,181.37%,177.4%,-3%/2%(阳),0%,0%,-8%,-9%,-10%,-8%,-9%
000062,深圳华强,2026-03-13,10.33,-1.22,2.63,1.28,6.07,141.83%,125.11%,-1%/2%(阳),8%,8%,5%,3%,2%,3%,5%
000063,中兴通讯,1999-06-28,9.51,4.99,6.48,9.72,7.26,214.73%,169.25%,5%/10%(板),20%,14%,8%,0%,-6%,-4%,-2%
000063,中兴通讯,2019-02-26,9.96,8.87,5.39,-1.35,13.79,171.92%,101.68%,-3%/3%(阳),1%,0%,5%,6%,9%,4%,3%
000065,北方国际,2023-05-05,14.67,6.39,14.16,4.04,11.76,108.63%,106.94%,-3%/3%(阳),-1%,-5%,-10%,-11%,-14%,-12%,-16%
000066,中国长城,2015-01-20,10.32,0.91,9.11,5.03,11.1,126.47%,110.74%,-4%/0%(阴),-3%,-1%,0%,-2%,-1%,-3%,-7%
000066,中国长城,2026-01-14,8.41,-2.89,6.38,3.72,7.5,243.03%,112.61%,-3%/1%(阴),3%,-3%,1%,6%(板),17%,12%,10%
000068,华控赛格,2014-01-28,10.09,5.89,10.15,-2.63,9.74,167.24%,114.79%,-4%/0%(阳),4%,6%,11%,13%,17%,20%,21%
000151,中成股份,2010-09-08,5.21,1.21,4.07,7.56,12.84,119.23%,111.55%,-2%/1%(阳),-1%,-3%,-2%,-4%,-6%,-7%,-9%
000155,川能动力,2023-11-17,9.44,-1.51,3.02,4.2,7.34,146.44%,138.47%,-1%/1%(阴),0%,-2%,-3%,-3%,-5%,-6%,-5%
000301,东方盛虹,2022-06-14,14.02,8.67,9.99,2.38,8.45,179.52%,110.73%,-5%/-1%(阴),-5%,-4%,-6%,-10%,-8%,-9%,-5%
000401,金隅冀东,2015-08-05,8.5,7.8,16.35,3.41,13.78,129.51%,112.63%,-5%/2%(阴),0%,1%,4%,-2%,-5%,-3%,-5%
000404,长虹华意,2018-03-08,6.12,-2.87,4.22,6.77,11.28,368.69%,214.97%,-4%/-1%(阳),0%,-1%,-4%,-6%,-4%,-4%,-4%
000411,英特集团,2021-04-23,10.88,-2.22,7.2,5.92,11.01,139.5%,104.91%,-3%/9%(阳),1%,1%,-1%,-3%,1%,-5%,-3%
000413,未找到标的,2019-02-15,9.07,0.4,7.65,5.81,11.42,145.59%,109.14%,0%/4%(阳),7%,4%,5%,4%,11%,15%,10%
000415,渤海租赁,2007-08-30,11.53,5.24,8.88,8.74,11.38,220.12%,104.77%,0%/8%(阴),8%,5%,1%,11%,20%,18%,15%
000419,通程控股,2003-11-27,10.88,0.96,5.42,4.11,7.11,292.99%,184.11%,-5%/-2%(阴),-2%,-3%,-5%,-4%,-6%,-6%,-7%
000425,徐工机械,2000-11-23,10.08,6.61,8.71,6.81,8.45,188.64%,112.66%,0%/5%(阳),3%,4%,5%,5%,7%,6%,3%
000428,华天酒店,2023-08-16,11.61,-2.64,4.26,4.17,7.29,177.64%,122.36%,-3%/-2%(阴),-3%,-5%,-6%,-1%,-3%,-2%,0%
000506,招金黄金,1998-01-12,10.67,9.37,12.78,5.61,7.63,178.35%,110.18%,-10%/7%(阳),11%,12%,11%,9%,10%,9%,6%
000506,招金黄金,2011-02-16,9.82,-0.15,4.2,4.81,11.57,139.35%,127.66%,-1%/3%(阳),6%,1%,3%,1%,1%,5%,12%
000506,招金黄金,2019-11-22,10.38,-3.5,4.55,5.07,9.78,158.62%,148.33%,-2%/1%(阴),0%,-2%,1%,-2%,-2%,-2%,1%
000507,珠海港,2017-06-09,11.05,9.78,7.93,-0.24,6.98,203.66%,118.47%,-2%/8%(阴),8%(板),9%,4%,12%,11%,13%,8%
000515,未找到标的,2007-02-27,6.91,3.56,5.03,-0.91,13.95,145.12%,114.31%,5%/9%(板),21%(板),33%(板),46%,38%(板),46%,55%,68%
000517,荣安地产,2000-05-24,9.78,2.11,7.0,9.05,9.09,149.22%,147.57%,-2%/1%(阳),1%,0%,-1%,9%,7%,5%,5%
000517,荣安地产,2022-02-15,0.0,-7.37,6.67,3.79,11.36,270.31%,103.83%,-3%/0%(阳),-2%,7%,5%,6%,4%,2%,1%
000517,荣安地产,2024-05-21,10.53,3.75,10.58,8.22,10.2,178.07%,127.28%,-3%/3%(阴),-4%,-7%,-9%,-8%,-11%,-12%,-12%
000518,四环生物,2007-03-28,10.93,9.11,11.39,1.9,11.2,128.9%,115.75%,-7%/2%(阴),-4%,-4%,-1%,1%,2%,2%,1%
000519,中兵红箭,2020-04-10,10.78,0.62,6.2,6.29,11.71,239.23%,129.76%,-5%/7%(阳),3%,5%,6%,3%,4%,12%,3%
000519,中兵红箭,2024-06-07,8.97,-3.14,4.95,4.49,8.01,123.2%,111.13%,-2%/4%(阳),5%,3%,0%,0%,-2%,-2%,-2%
000521,长虹美菱,2013-12-09,10.98,0.22,5.86,8.23,9.96,175.46%,132.42%,-3%/4%(阳),0%,0%,-2%,2%,-1%,-4%,-1%
000524,岭南控股,2014-08-19,10.57,4.75,3.47,1.55,7.62,121.1%,114.13%,-3%/-1%(阴),-2%,2%,1%,1%,-1%,-2%,0%
000536,华映科技,2016-05-31,8.69,4.12,4.67,1.98,8.51,153.01%,132.93%,-1%/2%(阳),5%,4%,3%,3%,3%,2%,-4%
000537,绿发电力,2018-01-25,10.65,4.17,8.79,3.52,10.38,179.9%,119.08%,-2%/1%(阳),4%,1%,2%,0%,-3%,-1%,-6%
000541,佛山照明,2020-05-29,14.59,3.92,13.27,-8.13,18.14,129.43%,114.55%,-3%/1%(阳),-1%,-9%,-9%,-11%,-11%,-13%,-16%
000545,金浦钛业,2017-03-03,10.59,4.15,8.0,5.83,11.24,258.27%,126.67%,-5%/-3%(阳),-3%,-6%,-3%,-5%,-7%,-6%,-7%
000545,金浦钛业,2021-04-23,11.55,-2.1,9.01,4.91,12.27,168.36%,106.4%,-3%/3%(阴),-2%,3%,1%,-1%,5%,12%,13%
000560,我爱我家,2023-02-06,11.27,-1.65,4.29,3.69,9.4,119.49%,117.84%,-1%/5%(阳),0%,-2%,4%,1%,7%,2%,7%
000564,供销大集,2025-09-04,9.84,-4.1,4.85,7.78,12.06,289.86%,177.23%,-9%/-2%(阳),-2%,1%,2%,0%,2%,0%,5%(板)
000565,渝三峡Ａ,2004-02-09,11.14,1.14,8.1,-1.25,5.38,147.76%,145.26%,-1%/2%(阳),1%,-1%,-1%,-2%,1%,0%,0%
000565,渝三峡Ａ,2017-07-03,10.14,-0.1,3.78,2.23,15.83,248.77%,118.98%,-4%/-1%(阴),-2%,-3%,-4%,-4%,-1%,-2%,-1%
000570,苏常柴Ａ,2022-07-26,10.92,-6.85,8.22,4.96,13.05,168.87%,147.33%,-4%/1%(阳),0%,-3%,-4%,-6%,-8%,-10%,-9%
000608,阳光股份,2004-02-02,9.84,-2.56,4.47,6.89,10.66,254.98%,251.91%,0%/3%(阳),7%,9%,10%,8%,16%,17%,19%
000612,焦作万方,2006-04-26,7.98,9.25,9.96,-3.91,17.45,139.47%,111.59%,-1%/8%(阳),15%,22%,23%,15%,9%,9%,5%
000616,未找到标的,2009-10-21,9.69,3.38,3.67,-0.14,7.95,147.56%,101.44%,-1%/2%(阳),5%,5%,2%,0%,-4%,-2%,2%
000617,中油资本,2025-07-10,11.7,3.47,11.21,6.15,9.39,190.16%,121.3%,-3%/5%(阳),0%,-2%,-5%,-1%,6%,0%,-1%
000623,吉林敖东,2000-01-10,11.15,-1.18,2.11,1.7,6.92,402.48%,160.63%,-5%/0%(阴),-4%,-7%,-6%,-7%,-7%,-5%,-1%
000626,远大控股,2016-08-19,9.86,-0.34,6.27,5.06,9.86,222.48%,109.84%,-4%/-1%(阴),-4%,-2%,-4%,-3%,-5%,-5%,-3%
000626,远大控股,2018-03-12,10.44,0.16,4.99,6.94,10.62,120.85%,110.41%,-2%/2%(阴),2%,-3%,0%,1%,0%,1%,-2%
000631,顺发恒能,2009-11-24,11.06,0.53,5.26,-2.8,9.02,122.86%,118.83%,0%/6%(阳),8%,-1%,-6%,-5%,1%,-1%,0%
000636,风华高科,2018-07-03,9.42,5.04,5.54,4.92,8.09,119.27%,103.93%,-5%/-1%(阴),-2%,-2%,1%(板),11%,11%,16%,25%(板)
000650,仁和药业,2019-04-22,12.26,2.63,6.26,7.8,10.24,276.79%,148.26%,-1%/9%(阴),0%,2%,1%,8%,1%(板),4%,2%(板)
000663,永安林业,2019-03-11,10.54,-4.66,6.71,8.05,10.92,121.65%,111.41%,-2%/2%(阴),3%,5%,-3%,1%,0%,3%,8%
000663,永安林业,2023-06-13,9.06,0.38,5.21,3.11,7.92,101.26%,100.4%,-2%/2%(阳),5%,5%,3%,1%,-1%,-1%,1%
000667,未找到标的,2007-01-17,9.35,7.29,6.88,-3.27,9.31,155.48%,129.07%,-7%/0%(阳),7%,17%,16%,20%,19%,15%,19%
000668,荣丰控股,2021-12-21,10.49,-1.87,4.47,6.39,9.38,139.19%,112.41%,-4%/-2%(阴),-3%,-2%,-2%,-3%,-4%,3%,2%
000678,襄阳轴承,2023-05-22,10.02,-2.06,5.84,3.51,10.7,243.97%,122.4%,-4%/4%(阴),-1%,-4%,-3%,-5%,-5%,-7%,-7%
000679,大连友谊,2004-04-02,8.66,1.69,3.75,5.89,6.45,148.95%,116.57%,-2%/1%(阳),5%,3%,3%,3%,-2%,-2%,-5%
000681,视觉中国,2021-11-15,11.39,3.51,9.55,7.74,11.19,124.4%,108.69%,-1%/5%(阳),5%,4%,0%,-2%,8%(板),10%,9%
000682,东方电子,2014-07-24,10.8,3.09,7.87,9.54,13.08,506.15%,141.87%,-8%/-4%(阴),-6%,-4%,-5%,-5%,-6%,-7%,-4%
000688,国城矿业,2016-11-15,11.22,0.9,5.96,-3.49,11.63,107.3%,103.15%,-4%/0%(阴),-4%,-4%,-3%,6%(板),9%,12%,10%
000692,惠天热电,2002-06-26,5.5,1.84,4.69,0.9,3.21,187.79%,154.42%,-2%/1%(阴),-1%,-2%,-3%,-2%,-3%,-4%,-4%
000692,惠天热电,2012-11-07,8.89,-1.82,7.07,3.7,12.14,235.7%,126.56%,-6%/-1%(阳),0%,0%,8%,-3%,-5%,-8%,-10%
000692,惠天热电,2021-03-16,10.81,-2.11,4.91,7.17,11.83,135.92%,121.13%,-5%/-3%(阴),0%,0%,7%,7%,6%,2%,1%
000693,未找到标的,2002-06-26,4.95,4.37,9.99,3.41,6.58,182.36%,108.83%,-2%/0%(阴),-1%,-2%,-3%,-3%,-3%,-6%,-3%
000697,炼石航空,2014-06-18,1.09,4.88,4.04,4.0,11.42,161.42%,111.37%,-9%/-2%(阴),-4%,-2%,0%,-3%,-3%,-5%,-2%
000715,中兴商业,2024-03-26,12.43,-4.77,6.66,9.37,11.74,166.92%,117.47%,-10%/-3%(阴),-8%,-6%,-6%,-6%,-8%,-11%,-11%
000717,中南股份,2020-07-08,8.76,0.44,7.96,7.71,11.01,161.05%,120.36%,-4%/7%(阳),0%,1%,2%,-1%,-4%,-9%,-1%
000719,中原传媒,2014-01-23,10.59,6.61,7.36,7.54,10.28,249.4%,107.4%,-3%/0%(阳),2%,-2%,-3%,-2%,5%(板),9%,7%
000722,湖南发展,2023-12-15,10.24,-0.28,5.77,6.25,11.94,199.12%,108.99%,-5%/-4%(阴),-7%,-6%,-9%,-10%,-14%,-17%,-18%
000727,冠捷科技,2002-06-26,3.4,1.49,6.65,5.99,11.19,275.97%,221.98%,-2%/0%(阴),3%,3%,-1%,0%,-2%,-3%,-2%
000727,冠捷科技,2021-11-12,6.43,5.84,8.76,5.17,10.0,251.8%,101.96%,-1%/8%(阴),0%,-2%,-1%,-5%,-5%,-6%,-4%
000731,四川美丰,2008-12-03,14.24,5.68,11.83,4.03,6.12,127.58%,102.56%,-3%/1%(阴),0%,2%,4%,4%,7%,0%,-2%
000733,振华科技,2024-02-29,11.05,-1.85,6.66,8.17,10.69,141.52%,111.35%,0%/3%(阳),2%,-1%,-1%,-3%,2%,0%,6%
000735,罗 牛 山,2025-11-05,9.82,1.74,5.83,5.49,8.66,200.01%,109.89%,-9%/-3%(阴),-3%,1%,-4%,-4%,-3%,-1%,-1%
000737,北方铜业,2011-02-21,11.75,9.89,8.29,3.92,9.14,510.11%,108.61%,-8%/-1%(阴),0%,-3%,4%,-3%,-1%,2%,2%
000739,普洛药业,2019-03-13,9.66,7.11,8.36,0.68,9.95,132.66%,100.46%,-1%/4%(阳),4%,5%,7%,4%,4%,5%,3%
000755,山西高速,2022-02-18,10.75,-0.21,5.52,9.79,11.06,237.17%,171.08%,-8%/1%(阳),-4%,-2%,-4%,-6%,-8%,-7%,-7%
000778,新兴铸管,2007-04-24,9.22,7.31,7.04,2.82,8.55,113.68%,110.0%,-6%/-1%(阴),0%,-1%,4%,13%,19%,17%,19%
000779,甘咨询,2020-03-05,9.98,5.56,9.26,1.75,9.39,118.85%,110.64%,-4%/-2%(阴),-7%,-7%,-6%,-10%,-14%,-14%,-15%
000780,未找到标的,2016-04-26,13.04,8.32,12.92,8.33,14.38,119.08%,102.2%,-9%/-2%(阴),-13%,-17%,-17%,-18%,-17%,-18%,-23%
000801,四川九洲,2017-06-21,10.04,9.93,3.81,4.41,9.87,993.9%,154.66%,-6%/3%(阳),-3%,-4%,-4%,-1%,-2%,-2%,-5%
000807,云铝股份,2006-01-20,10.56,4.08,8.78,9.8,10.98,120.75%,112.59%,-2%/3%(阳),4%,9%,17%(板),21%,14%,13%,12%
000807,云铝股份,2012-05-02,8.97,-0.89,6.68,3.14,7.19,126.6%,124.45%,-2%/4%(阳),1%,3%,-1%,-4%,-5%,-5%,-6%
000807,云铝股份,2017-08-02,11.24,4.39,5.62,4.6,13.11,145.95%,130.26%,-2%/5%(阳),4%,8%,17%,22%,26%,21%,13%
000810,创维数字,2009-04-17,10.57,7.6,12.05,-0.8,8.8,166.33%,124.14%,-4%/-1%(阴),-4%,-4%,-10%,-9%,-3%,0%,0%
000810,创维数字,2017-06-19,10.68,5.14,7.18,4.58,10.25,366.24%,109.46%,-4%/0%(阴),-5%,-7%,-11%,-10%,-9%,-11%,-10%
000810,创维数字,2022-08-19,9.83,8.8,8.93,1.94,7.93,124.68%,109.0%,-2%/3%(阳),1%,-5%,-9%,-12%,-11%,-11%,-14%
000811,冰轮环境,1998-09-09,9.57,0.18,4.0,8.51,10.64,167.15%,166.81%,-1%/9%(阳),13%,12%,13%,12%,23%,17%,12%
000812,陕西金叶,2012-11-12,10.97,-4.76,4.31,6.19,8.81,130.92%,111.9%,-3%/-1%(阳),2%,-5%,-8%,-8%,-7%,-9%,-11%
000813,德展健康,2010-07-20,8.79,9.87,12.12,-0.9,12.01,120.2%,113.64%,-3%/2%(阴),-2%,0%,-3%,3%,0%,0%,-1%
000813,德展健康,2022-12-16,12.37,-1.22,13.69,6.19,10.15,205.14%,140.06%,-6%/0%(阴),-6%,-3%(板),5%,6%,0%,-5%,-7%
000815,美利云,2026-02-12,10.13,-3.22,3.86,3.79,6.19,170.78%,157.66%,-5%/1%(阴),-5%,-8%,-6%,-3%,-6%,-7%,-12%
000818,航锦科技,2008-01-08,10.01,4.2,11.35,5.3,18.13,290.84%,195.76%,-5%/4%(阳),3%,-2%,-3%,-3%,0%,0%,-5%
000818,航锦科技,2026-02-12,9.97,0.59,4.78,2.31,6.9,155.26%,107.7%,-1%/2%(阳),-3%,-5%,-4%,-1%,-4%,-5%,-10%
000821,ST京机,2007-03-14,10.27,3.85,10.95,7.81,16.21,165.11%,138.82%,0%/5%(阳),4%,-1%,5%,14%(板),24%,20%,26%
000823,超声电子,2019-01-09,10.46,0.81,5.8,1.73,8.98,162.19%,104.75%,-2%/2%(阳),4%,0%,0%,6%,3%,0%,1%
000833,粤桂股份,2019-04-10,10.81,-3.99,6.76,4.96,10.72,166.99%,145.99%,-2%/5%(阴),1%,7%(板),10%,7%,12%,12%,7%
000835,未找到标的,2005-01-28,6.04,-0.37,4.51,-4.65,8.94,167.49%,105.48%,-9%/-3%(阴),-7%,-3%,-1%,-3%,0%,-2%,-2%
000837,秦川机床,2000-02-16,6.6,3.25,8.75,9.24,8.75,177.42%,119.98%,-10%/6%(阴),-8%,-8%,-8%,-14%,-14%,-13%,-13%
000838,*ST发展,2021-08-25,10.04,1.4,6.32,7.27,11.07,152.96%,126.3%,-1%/5%(阳),4%,7%,9%,11%,8%,8%,6%
000839,国安股份,1999-05-21,10.1,6.95,8.67,8.4,11.08,189.51%,100.91%,1%/10%(板),21%,14%,17%,21%,20%,18%,25%
000850,华茂股份,2016-06-21,5.84,-1.66,4.98,0.17,6.41,129.85%,101.06%,-1%/1%(阳),2%,-2%,-2%,-2%,1%,0%,-1%
000863,三湘印象,2022-09-14,11.17,-4.29,8.13,4.01,12.5,127.66%,112.23%,-4%/2%(阳),-3%,-8%,-1%(板),9%,3%,0%,3%
000875,电投绿能,2024-05-28,8.33,8.3,8.84,6.67,9.83,221.56%,110.07%,-3%/6%(阳),5%,-1%,-7%,-7%,-9%,-9%,-11%
000877,天山股份,2014-04-16,9.41,-3.3,6.15,7.75,10.54,130.87%,102.88%,-4%/-1%(阴),-3%,-3%,-8%,-10%,-10%,-11%,-14%
000878,云南铜业,2016-07-06,8.91,-0.98,3.03,1.98,6.92,124.92%,116.13%,-1%/4%(阳),-1%,4%,3%,9%,5%,4%,2%
000878,云南铜业,2016-11-09,10.76,-0.26,3.57,2.64,5.71,204.79%,116.56%,6%/9%(阴),19%(板),26%,19%,15%,13%,13%,19%
000880,潍柴重机,2012-05-07,9.06,3.4,6.62,6.23,11.86,204.22%,128.34%,-1%/0%(阳),4%,1%,0%,1%,0%,-3%,-2%
000883,湖北能源,2010-10-22,13.01,2.18,7.28,0.37,10.0,179.11%,133.75%,-3%/-1%(阴),-2%,-1%,-2%,-1%,2%,3%,-1%
000883,湖北能源,2021-03-22,9.97,5.25,10.74,5.44,12.7,272.56%,111.61%,-7%/-3%(阴),3%(板),13%,16%,19%,25%(板),38%(板),50%
000890,法尔胜,2023-12-21,12.79,-4.26,7.17,5.06,8.91,235.09%,117.84%,-6%/-2%(阴),4%(板),9%,6%,4%,8%,12%,6%
000911,*ST广糖,2021-08-17,11.19,2.57,8.25,5.09,13.85,173.28%,108.33%,-3%/1%(阳),2%,6%,7%,4%,1%,2%,-2%
000917,电广传媒,1999-05-21,9.94,5.36,6.66,7.6,11.76,215.78%,106.65%,0%/10%(板),17%,16%,15%,21%(板),25%,24%,31%
000918,未找到标的,2011-03-25,10.48,2.76,4.13,2.57,10.39,239.19%,107.72%,-2%/3%(阴),0%,-5%,-8%,-6%,-6%,-7%,-7%
000920,沃顿科技,2026-03-09,7.75,0.44,5.21,5.11,7.38,320.23%,162.17%,-4%/-1%(阴),0%,-1%,-2%,-3%,-1%,-6%,-6%
000922,佳电股份,2020-10-14,4.45,1.75,3.91,4.38,7.82,203.48%,133.63%,-2%/0%(阴),0%,-1%,4%,3%,5%,6%,6%
000925,众合科技,2015-06-05,12.73,8.62,18.6,-2.04,7.46,108.34%,106.31%,-7%/-2%(阴),2%(板),11%,9%,5%,0%,-2%,-5%
000925,众合科技,2026-06-26,11.02,1.1,3.96,3.59,6.2,123.9%,105.28%,-4%/4%(阴),-1%,7%(板),12%,8%,3%,-3%,-8%
000928,中钢国际,2024-01-29,11.27,5.28,4.96,1.37,12.16,271.23%,109.69%,-3%/1%(阳),3%,0%,-3%,-9%,-14%,-9%,-8%
000929,兰州黄河,2007-09-05,9.12,-2.19,6.4,0.62,10.34,231.44%,152.96%,-7%/1%(阴),1%,-6%,-6%,-11%,-13%,-8%,-6%
000930,中粮科技,2021-11-18,10.88,-0.26,2.86,5.65,8.7,124.57%,116.3%,-4%/-1%(阴),-3%,-4%,-4%,-5%,-3%,-3%,0%
000936,华西股份,2019-03-13,8.09,2.55,6.57,3.54,12.91,139.87%,114.79%,-9%/4%(阴),-1%,-6%,-6%,-3%,0%,5%,0%
000938,紫光股份,2017-11-22,10.17,1.34,5.97,2.51,6.83,101.61%,100.23%,-5%/-1%(阴),-4%,-6%,-6%,-7%,-11%,-10%,-12%
000948,南天信息,2022-06-15,11.38,-2.61,5.06,3.81,4.79,155.22%,102.34%,-2%/0%(阴),-2%,-2%,-1%,0%,-3%,-1%,-3%
000950,重药控股,2007-05-24,9.11,4.11,6.46,2.85,5.56,128.07%,104.19%,-10%/-10%(阴),-11%,-21%,-30%,-27%,-23%,-18%,-12%(板)
000950,重药控股,2015-11-19,6.63,4.46,12.18,5.54,10.39,135.49%,107.15%,-3%/2%(阴),2%,0%,1%,-2%,-2%,-5%,0%
000953,中哲精化,2015-06-05,14.91,9.87,14.39,1.78,9.39,128.67%,121.74%,-6%/-1%(阴),-4%,-3%,-4%,0%,3%,-3%,-9%
000960,锡业股份,2003-10-10,11.2,-2.01,5.02,7.47,9.52,200.8%,118.08%,-1%/1%(阳),0%,-1%,0%,-2%,-4%,-2%,1%
000969,安泰科技,2008-03-05,7.29,0.52,4.7,7.24,10.75,167.04%,116.78%,0%/8%(阳),6%,8%,5%,8%,7%,-1%,-4%
000973,佛塑科技,2009-05-04,8.93,2.7,5.56,4.53,7.6,130.77%,128.64%,-1%/4%(阳),12%,12%,7%(板),3%,2%,2%,2%
000976,未找到标的,2008-05-23,9.6,-1.59,11.27,6.77,6.61,161.03%,113.86%,-9%/-5%(阴),-10%,-14%,-13%,-15%,-15%,-15%,-18%
000977,浪潮信息,2019-09-24,1.78,-6.47,6.36,6.32,9.92,114.14%,107.12%,-3%/3%(阳),2%,-3%,-5%,-8%,-11%,-8%,-6%
000981,山子高科,2012-08-30,3.88,4.94,6.0,4.37,9.19,849.86%,110.89%,-9%/-1%(阴),-4%,-4%,-5%,-5%,0%,-1%,-3%
000981,山子高科,2016-08-24,10.29,0.0,4.4,7.15,10.46,167.56%,129.92%,-9%/-5%(阴),-13%,-19%,-20%,-21%,-22%,-24%,-25%
000985,大庆华科,2012-08-21,8.07,1.88,3.15,4.77,13.72,190.42%,106.67%,-4%/-2%(阴),-3%,-6%,-10%,-9%,-10%,-11%,-8%
000989,九芝堂,2026-07-15,8.21,5.46,4.9,5.49,12.88,175.42%,112.0%,-7%/0%(阳),-3%,-8%,-11%,-8%,-8%,-8%,-8%
000990,诚志股份,2008-05-13,9.91,6.68,8.45,6.03,10.18,111.87%,103.76%,-3%/0%(阴),4%,-1%,-1%,-2%,-4%,-7%,-9%
000996,未找到标的,2014-02-18,10.0,1.98,4.21,4.06,9.52,189.21%,128.35%,-2%/0%(阳),0%,-4%,-4%,-5%,-12%,-10%,-8%
001202,炬申股份,2021-12-13,10.64,-2.57,2.62,7.18,10.44,212.94%,140.41%,-2%/2%(阴),-1%,5%,13%(板),24%(板),37%(板),50%,24%
001212,中旗新材,2024-01-16,9.6,-0.61,8.19,8.32,11.82,318.29%,126.91%,-8%/-2%(阴),0%(板),8%,-3%,-4%,-3%,-5%,3%(板)
001213,中铁特货,2022-04-13,0.0,-1.19,10.0,6.35,10.12,531.19%,174.91%,-9%/-4%(阴),-12%,-11%,-13%,-13%,-15%,-18%,-20%
001300,三柏硕,2023-10-31,10.03,-4.15,7.16,4.33,11.38,276.63%,148.01%,-2%/3%(阳),1%,-1%,-1%,-1%,-1%,-1%,7%(板)
001306,夏厦精密,2025-01-21,10.69,-3.63,4.08,7.65,8.65,165.35%,129.34%,-3%/1%(阴),-1%,4%(板),5%,6%,7%,13%,7%
001317,三羊马,2024-11-28,10.6,-0.62,8.82,3.39,11.1,180.7%,128.46%,-5%/-1%(阳),1%,10%,0%,0%,2%,5%,0%
001318,阳光乳业,2024-12-12,7.77,0.74,7.29,5.61,12.55,328.91%,107.59%,-6%/-3%(阴),-6%,-8%,-13%,-14%,-13%,-14%,-17%
001319,铭科精技,2024-09-04,8.98,0.17,12.51,5.67,12.88,192.25%,103.81%,-5%/-3%(阳),-5%,-7%,-4%,-6%,-7%,-7%,-9%
001326,联域股份,2026-05-21,9.9,1.4,3.7,2.61,9.98,232.75%,198.58%,-1%/2%(阴),5%,4%,4%,2%,-1%,-3%,-3%
001330,博纳影业,2026-04-21,10.03,1.94,6.2,5.24,10.49,133.46%,104.88%,-7%/-3%(阴),-4%,-7%,-6%,-8%,-7%,-6%,3%
001339,智微智能,2026-04-28,10.53,2.37,8.41,6.47,9.57,135.97%,119.18%,-2%/5%(阳),3%,8%,15%,15%,18%,19%,19%
001366,播恩集团,2026-08-20,10.44,-6.89,7.04,-5.1,16.88,432.99%,148.43%,-3%/4%(阳),4%,5%,7%,7%,8%,9%,11%
001390,古麒绒材,2025-07-10,10.31,-3.24,2.36,2.4,4.55,127.37%,101.94%,-2%/0%(阴),-2%,-2%,-2%,-2%,0%,0%,0%
002009,天奇股份,2025-08-06,10.8,-0.8,2.76,3.99,6.6,157.62%,155.56%,-2%/-1%(阴),-2%,-3%,-3%,-2%,-3%,-4%,0%
002010,传化智联,2007-04-06,10.51,-1.53,6.03,6.28,10.37,143.89%,121.91%,-4%/0%(阳),1%,5%,8%,9%,17%,18%,20%
002010,传化智联,2024-11-08,10.05,5.6,9.13,7.07,11.39,170.91%,139.1%,-6%/7%(阳),15%,-3%,-8%,-9%,-6%,-7%,-8%
002011,盾安环境,2021-01-04,10.33,-2.47,2.96,4.56,8.61,152.4%,113.07%,-2%/-1%(阳),0%,0%,-3%,-4%,-1%,-3%,-3%
002018,未找到标的,2005-06-22,10.47,3.49,6.17,7.12,12.82,306.89%,103.03%,-3%/1%(阳),5%,8%,2%,1%,-2%,-4%,-9%
002023,海特高新,2018-04-19,9.67,4.12,7.76,6.83,12.94,156.64%,108.87%,-3%/4%(阳),4%,4%,2%,7%(板),18%,5%,3%
002025,航天电器,2026-03-12,7.89,0.82,4.39,6.14,9.38,219.46%,106.95%,-8%/-2%(阴),-3%,-3%,2%,4%,6%,11%,14%
002027,分众传媒,2008-12-04,12.68,2.88,7.69,-1.87,9.03,116.58%,111.49%,-2%/3%(阳),6%,6%,4%,6%,0%,5%,4%
002036,联创电子,2019-08-14,9.78,1.73,5.01,-1.61,7.22,116.75%,105.82%,-3%/2%(阳),7%,15%,13%,13%,11%,6%,6%
002036,联创电子,2023-07-06,10.19,0.0,3.88,6.99,10.68,156.44%,100.48%,1%/5%(阴),7%,7%,9%,2%,0%,7%,14%
002042,华孚时尚,2021-07-16,10.41,0.37,5.19,6.28,11.09,193.67%,160.01%,-1%/6%(阳),8%,6%,4%,1%,0%,-2%,-8%
002044,美年健康,2008-01-07,9.86,4.48,5.14,7.69,11.44,174.13%,110.58%,-7%/0%(阴),1%,1%,-1%,-4%,5%(板),7%,7%
002046,国机精工,2015-05-27,13.6,3.82,7.58,3.73,14.61,146.34%,103.37%,-9%/4%(阴),-3%,1%,5%,6%,4%,4%,12%
002052,同洲电子,2016-12-15,11.17,0.74,7.93,6.4,11.55,294.52%,126.45%,-4%/0%(阴),-5%,-6%,-6%,-8%,-9%,-14%,-17%
002054,德美化工,2016-05-31,12.43,7.7,9.55,3.35,9.05,192.69%,128.86%,-5%/-2%(阴),-5%,-5%,-5%,-4%,4%,-1%,-11%
002055,ST得润,2012-08-23,10.26,6.37,10.37,7.24,12.12,326.2%,143.33%,-8%/-3%(阴),-5%,-4%,-5%,-6%,-14%,-10%,-7%
002055,ST得润,2015-03-13,6.86,-1.77,12.52,8.32,9.9,226.09%,132.03%,-3%/6%(阳),6%,1%,4%,12%(板),24%(板),36%(板),50%(板)
002056,横店东磁,2022-05-23,10.88,8.75,8.89,7.25,6.99,219.91%,187.9%,-5%/-1%(阴),-4%,-4%,-5%,-2%,-3%,-7%,-8%
002061,浙江交科,2015-03-06,10.7,0.0,8.65,9.19,11.35,120.48%,109.33%,-3%/4%(阴),4%,9%(板),10%,11%,13%,12%,9%
002064,华峰化学,2017-08-08,10.48,0.69,4.5,3.61,7.39,112.8%,108.92%,-2%/-1%(阳),1%,-4%,-5%,-5%,-7%,-6%,-6%
002067,景兴纸业,2026-05-21,1.46,-3.6,3.98,2.95,8.45,201.53%,119.67%,-3%/0%(阴),2%,9%,4%,0%,-4%,-6%,-1%
002071,未找到标的,2015-10-12,7.86,-1.87,3.34,4.29,5.72,109.91%,106.14%,-2%/1%(阳),1%,1%,2%,2%,3%,3%,-4%
002074,国轩高科,2024-05-21,10.18,3.23,3.87,4.6,7.31,180.79%,106.21%,-2%/0%(阳),-1%,-4%,-2%,-5%,-5%,-5%,-6%
002080,中材科技,2013-05-28,9.36,9.12,8.71,-2.29,6.87,155.29%,135.1%,-1%/6%(阳),9%,10%,7%,3%,2%,4%,-1%
002081,金 螳 螂,2009-03-05,14.01,2.5,4.68,3.09,7.11,147.5%,125.46%,-9%/-2%(阴),-8%,-12%,-10%,-14%,-14%,-12%,-10%
002083,孚日股份,2019-03-27,11.68,3.23,11.54,5.07,12.67,234.98%,103.98%,-9%/-6%(阴),-10%,-9%,-11%,-12%,-11%,-10%,-9%
002084,海鸥住工,2016-07-28,10.16,0.17,5.13,-1.79,6.66,165.07%,115.47%,-6%/0%(阴),-9%,-9%,-9%,-7%,-6%,-8%,-6%
002088,鲁阳节能,2007-08-02,12.4,-3.86,9.11,7.03,10.82,115.61%,109.34%,-3%/1%(阳),-1%,-3%,-8%,-11%,-9%,-10%,-3%
002090,金智科技,2007-03-14,5.59,1.55,3.89,7.76,11.98,118.33%,108.97%,-2%/5%(阳),-31%,-38%,-35%,-36%,-37%,-38%,-37%
002090,金智科技,2015-03-25,9.36,7.37,9.01,7.63,13.77,143.01%,100.54%,-3%/10%(板),16%,11%,10%,13%,21%(板),25%,22%
002101,广东鸿图,2020-01-08,8.46,5.83,8.19,3.52,11.49,145.61%,103.92%,-2%/2%(阴),-3%,-2%,0%,-4%,-6%,-8%,-9%
002104,恒宝股份,2011-03-01,10.59,0.26,5.2,2.94,7.68,119.49%,105.18%,-2%/3%(阳),1%,-1%,-1%,0%,1%,0%,-3%
002109,ST兴化,2019-07-16,9.63,-0.73,4.38,2.94,8.09,245.69%,114.4%,-3%/-1%(阳),-3%,-4%,1%,0%,3%,-1%,-2%
002115,三维通信,2012-09-07,11.14,-0.14,4.32,1.76,4.74,118.71%,108.83%,-1%/5%(阳),5%,3%,1%,0%,-1%,0%,6%
002119,康强电子,2014-10-10,9.45,5.22,6.91,-1.68,9.24,126.08%,103.5%,-2%/5%(阳),5%,4%,3%,2%,3%,2%,1%
002119,康强电子,2023-07-20,9.12,-1.09,4.76,2.88,8.65,206.52%,102.61%,-2%/2%(阳),2%,2%,-1%,-4%,-7%,-8%,-8%
002124,天邦食品,2019-02-20,9.03,-1.46,9.57,3.61,7.77,104.84%,102.24%,-4%/10%(阳),8%,4%,12%,8%,3%,0%,9%(板)
002125,湘潭电化,2009-11-12,10.23,2.05,6.22,2.3,8.97,160.22%,101.89%,-4%/-1%(阴),1%,0%,-1%,3%,12%(板),19%,21%
002127,南极电商,2009-02-10,10.29,3.61,8.69,6.71,10.58,134.28%,108.86%,-5%/4%(阳),3%,3%,1%,5%,5%,2%,10%
002130,沃尔核材,2025-05-12,9.96,-4.76,3.87,5.45,6.93,138.58%,126.94%,-2%/0%(阴),1%,-3%,-4%,-5%,-6%,-6%,-7%
002134,天津普林,2020-05-22,5.56,-2.21,10.75,7.97,9.38,426.48%,109.92%,-8%/-1%(阳),-1%,8%,9%,3%,4%,8%,8%
002138,顺络电子,2019-08-14,10.8,2.89,3.64,-3.71,8.82,118.88%,110.59%,-3%/1%(阳),6%,9%,6%,8%,6%,3%,3%
002146,荣盛发展,2012-10-22,10.33,-1.02,6.02,3.51,6.91,108.1%,108.04%,-1%/2%(阴),1%,-1%,-1%,-3%,1%,2%,8%
002150,正泰电源,2013-08-08,9.92,-3.31,3.13,6.1,10.1,140.37%,136.99%,-3%/0%(阴),-2%,-2%,-2%,-3%,-5%,-6%,-5%
002156,通富微电,2026-01-20,9.65,2.84,5.8,5.85,10.75,126.03%,105.76%,-1%/9%(板),16%,12%,11%,5%,9%,8%,3%
002161,远 望 谷,2017-04-10,11.09,-2.5,3.75,3.75,6.77,225.89%,115.47%,-3%/-1%(阴),-3%,-3%,-4%,-8%,-8%,-10%,-11%
002162,悦心健康,2024-09-19,10.39,-3.58,7.17,3.04,7.09,173.77%,101.55%,-3%/0%(阴),-4%,-2%,1%,2%,8%,16%,26%(板)
002164,宁波东力,2022-06-02,4.81,-3.46,7.47,5.66,11.7,331.05%,115.89%,-3%/0%(阳),4%,0%,-3%,-4%,-3%,-3%,-3%
002166,莱茵生物,2013-12-20,9.89,2.98,11.0,7.56,9.96,126.91%,105.06%,-9%/-2%(阴),-12%,-13%,-13%,-16%,-19%,-19%,-18%
002166,莱茵生物,2017-02-15,10.22,3.75,7.57,7.23,11.56,234.64%,103.96%,-3%/4%(阳),-1%,-3%,-3%,-4%,-5%,-7%,-6%
002170,芭田股份,2021-11-09,12.02,-1.6,5.69,4.89,9.04,114.47%,104.02%,-3%/2%(阳),8%,1%,1%,2%,2%,3%,1%
002176,江特电机,2023-10-16,9.58,9.81,7.21,1.37,11.49,253.31%,104.63%,-3%/6%(阳),1%,7%(板),18%(板),29%,21%,16%,14%
002184,海得控制,2023-09-20,10.92,-1.12,3.68,2.06,6.12,160.23%,110.72%,-2%/1%(阳),0%,10%,15%,7%,3%,2%,2%
002185,华天科技,2013-01-16,11.5,0.0,3.22,2.82,5.23,151.96%,115.47%,-3%/-1%(阴),-2%,-2%,5%,0%,-1%,-4%,-3%
002187,广百股份,2015-03-10,9.93,0.13,4.01,5.07,7.94,110.36%,102.76%,-2%/0%(阳),0%,-4%,-3%,3%,3%,3%,3%
002187,广百股份,2015-06-09,9.1,9.96,8.04,-0.39,12.3,125.04%,108.96%,-4%/3%(阳),3%,6%,2%,-2%,-5%,-4%,-13%
002187,广百股份,2024-04-12,8.12,-2.35,6.71,2.75,8.42,117.01%,105.93%,-10%/-5%(阴),-14%,-16%,-16%,-18%,-19%,-21%,-20%
002189,中光学,2013-12-19,10.23,0.92,6.03,4.94,11.3,150.35%,120.21%,-8%/0%(阴),-7%,-7%,-7%,-8%,-8%,-5%,-5%
002191,劲嘉股份,2021-01-21,8.36,-7.69,8.25,6.43,9.94,177.26%,100.83%,-2%/6%(阳),3%,-2%,-3%,-3%,-5%,-6%,2%(板)
002192,融捷股份,2010-04-27,10.66,0.88,9.05,5.97,11.46,166.35%,105.08%,0%/9%(板),14%,9%,7%,9%,11%,9%,-3%
002194,武汉凡谷,2024-09-03,10.26,-4.32,5.8,5.47,10.58,105.77%,101.95%,-5%/-2%(阴),-4%,-4%,-5%,-3%,-4%,-4%,-4%
002198,ST嘉应,2015-06-05,10.62,5.01,14.88,5.24,11.19,102.34%,100.67%,-8%/-1%(阴),-5%,-7%,0%,1%,-2%,-8%,-9%
002201,九鼎新材,2026-06-22,11.72,-4.08,5.56,8.42,9.72,138.36%,102.14%,-5%/-1%(阴),2%,-1%,-6%,-10%,-17%,-18%,-19%
002202,金风科技,2008-11-13,8.43,3.64,11.47,7.93,6.48,118.74%,110.87%,0%/9%(阳),17%,16%,17%,16%,9%,8%,8%
002202,金风科技,2025-12-15,8.29,0.0,3.42,3.06,6.65,110.56%,101.39%,-7%/-2%(阴),-6%,-3%,-5%,-2%,2%,1%,9%(板)
002203,海亮股份,2017-02-23,10.55,3.94,7.46,5.64,8.92,464.81%,118.96%,-8%/-4%(阴),-5%,-6%,-6%,-5%,-7%,-10%,-11%
002203,海亮股份,2026-01-13,10.02,2.56,5.55,5.9,8.95,198.46%,107.73%,1%/8%(阳),5%,5%,-1%,1%,1%,1%,0%
002205,国统股份,2013-08-01,9.23,2.46,5.34,1.65,3.72,122.13%,110.74%,-1%/3%(阳),-2%,-2%,-1%,-3%,-3%,-4%,-1%
002205,国统股份,2025-10-24,10.89,-3.83,4.16,3.84,7.54,151.56%,145.59%,-1%/9%(阳),10%,4%,-2%,-3%,-5%,-1%,3%
002207,*ST准油,2023-09-06,10.21,-2.03,4.96,4.15,7.78,454.0%,206.62%,-7%/1%(阳),-5%,-1%(板),0%,2%,4%,10%,3%
002208,合肥城建,2020-06-10,10.19,-1.66,11.48,7.74,11.0,181.34%,124.5%,-2%/10%(板),21%(板),33%,29%,26%,16%,20%,16%
002212,天融信,2016-04-07,10.27,6.59,7.4,8.09,12.08,323.13%,131.28%,-4%/2%(阴),0%,-2%,-2%,-2%,-1%,-4%,-5%
002222,福晶科技,2020-05-27,9.73,2.79,7.89,5.43,8.91,227.02%,135.42%,-6%/-1%(阴),-4%,-1%,3%,6%,3%,1%,9%
002222,福晶科技,2026-05-12,14.45,0.42,8.94,4.3,12.21,129.97%,102.55%,-4%/4%(阳),9%,3%,-5%,-7%,-3%,-4%,-6%
002225,濮耐股份,2011-09-21,9.84,-1.96,5.31,4.99,10.33,107.81%,107.69%,-3%/5%(阳),1%,3%,0%,-3%,-10%,-17%,-16%
002228,合兴包装,2020-09-03,10.43,1.98,5.14,4.26,10.47,210.28%,148.65%,-4%/3%(阳),10%,9%,7%,4%,7%,12%,15%
002244,滨江集团,2019-04-03,8.88,1.92,4.62,2.64,6.42,112.55%,103.77%,-1%/3%(阳),7%,6%,5%,4%,4%,7%,3%
002245,蔚蓝锂芯,2015-03-18,8.63,3.02,4.44,5.32,7.77,111.03%,104.8%,-4%/3%(阴),-52%,-48%(板),-42%(板),-37%(板),-30%,-39%,-42%
002246,北化股份,2015-04-22,12.43,3.79,10.65,1.2,7.11,126.05%,116.39%,-1%/2%(阴),-1%,-1%,-3%,-4%,-5%,-3%,-4%
002248,华东数控,2008-11-13,1.62,3.07,5.04,8.7,13.11,257.17%,133.63%,-1%/3%(阳),9%,9%,4%,5%,13%(板),22%,11%
002251,步步高,2023-07-20,9.13,4.74,7.71,7.74,9.81,282.15%,111.0%,-8%/-2%(阴),-6%,-7%,-3%,-7%,-7%,0%,-4%
002252,上海莱士,2011-07-15,9.46,2.3,2.65,5.86,6.98,146.48%,105.64%,5%/10%(板),13%,9%,8%,11%,6%,4%,5%
002263,大东南,2025-09-04,11.2,-5.21,6.95,4.97,9.16,116.24%,101.84%,-1%/9%(板),8%,11%,6%,4%,10%,8%,8%
002264,新 华 都,2024-09-30,10.29,3.05,5.15,8.15,8.89,170.39%,114.52%,-7%/9%(阴),-3%,-9%,-10%,-12%,-10%,-12%,-12%
002268,电科网安,2025-06-23,6.72,-3.93,3.2,4.55,5.49,152.9%,113.08%,-1%/1%(阴),2%,3%,5%,5%,2%,-1%,-2%
002276,万马股份,2016-04-07,8.74,0.22,4.13,1.37,9.25,147.7%,123.13%,-2%/4%(阳),6%,6%,4%,3%,4%,-1%,-1%
002279,久其软件,2025-10-17,11.08,-2.31,2.45,2.65,6.96,140.2%,119.45%,-1%/2%(阴),6%,-1%,8%,4%,2%,4%,3%
002290,禾盛新材,2011-07-28,12.29,1.62,4.24,4.4,13.65,205.82%,116.19%,-3%/0%(阴),-2%,-3%,-2%,-5%,-11%,-15%,-21%
002291,遥望科技,2025-05-20,10.7,-1.22,3.34,3.54,6.62,164.62%,103.27%,-2%/7%(阳),2%,-1%,-2%,-1%,0%,2%,0%
002292,奥飞娱乐,2011-10-28,10.89,3.87,6.91,6.7,9.29,220.12%,100.92%,-2%/8%(阳),7%,10%,8%,9%,7%,10%,7%
002298,中电鑫龙,2026-05-11,10.0,-0.18,3.42,2.71,7.12,164.31%,113.94%,-2%/1%(阴),1%,2%,1%,3%,5%,2%,-1%
002302,西部建设,2014-11-03,9.46,3.23,9.68,7.64,9.86,157.27%,102.79%,-4%/0%(阴),-2%,-4%,-4%,1%,-4%,-8%,-6%
002302,西部建设,2026-08-10,10.61,-4.33,8.07,4.73,11.11,216.61%,110.3%,-3%/-1%(阴),-4%,-4%,-7%,-7%,-7%,-5%,-8%
002312,川发龙蟒,2024-10-25,10.62,1.07,10.23,5.22,11.67,215.96%,105.07%,1%/10%(板),21%(板),33%(板),46%(板),59%,61%(板),77%,72%
002315,焦点科技,2018-01-24,11.54,0.42,5.75,4.01,9.61,192.3%,102.13%,-3%/0%(阴),-3%,-10%,-13%,-15%,-20%,-21%,-23%
002315,焦点科技,2025-02-05,9.11,5.34,5.4,-1.32,9.53,150.09%,114.96%,-4%/-1%(阴),-3%,-1%,0%,1%,4%,-4%,-2%
002319,乐通股份,2025-07-28,9.99,-2.24,3.46,0.22,11.65,177.22%,138.17%,-3%/0%(阴),0%,-1%,-2%,-2%,-2%,-1%,-3%
002326,永太科技,2025-02-18,6.54,-0.84,4.7,4.63,11.05,254.86%,107.83%,-3%/3%(阳),0%,-2%,-1%,2%,5%,2%,2%
002329,皇氏集团,2011-08-19,8.55,4.85,7.72,4.63,11.64,459.54%,117.6%,-6%/1%(阴),-4%,-4%,-5%,-6%,-7%,-7%,-9%
002333,罗普斯金,2017-01-24,11.32,2.76,5.46,5.92,12.58,224.82%,101.42%,-4%/0%(阴),-2%,4%,-1%,5%,3%,4%,4%
002337,赛象科技,2019-03-27,12.57,5.47,12.38,7.01,16.01,188.72%,100.45%,-9%/-6%(阴),-13%,-16%,-14%,-16%,-16%,-17%,-14%
002342,巨力索具,2012-05-09,10.73,4.4,6.18,5.92,10.53,177.86%,122.26%,-3%/0%(阴),-3%,-2%,-2%,-3%,-2%,-3%,-4%
002351,漫步者,2018-03-21,9.83,-2.91,3.91,2.42,7.71,136.83%,119.33%,-2%/2%(阴),-3%,-5%,5%(板),12%,2%,2%,1%
002355,兴民智通,2017-09-19,11.43,7.06,7.14,1.33,5.85,178.05%,100.45%,-2%/1%(阳),0%,-1%,-3%,-4%,-8%,-7%,-7%
002363,隆基机械,2022-05-25,11.5,0.91,12.42,2.85,13.96,345.93%,272.91%,-9%/-7%(阴),-13%,-14%,-14%,-14%,-12%,-8%,-10%
002368,太极股份,2013-10-10,6.48,5.89,6.69,-0.34,10.97,143.45%,114.83%,-3%/2%(阴),0%,-2%,-3%,-5%,-1%,4%,0%
002370,亚太药业,2023-08-17,11.48,-5.02,5.02,3.81,9.73,353.67%,130.88%,-6%/-2%(阴),-8%,-10%,-10%,-12%,-10%,-8%,-8%
002379,宏桥控股,2015-03-02,10.55,-1.74,2.83,3.33,5.32,126.33%,115.59%,-1%/8%(阳),3%,5%,4%,1%,2%,0%,0%
002384,东山精密,2022-08-01,8.1,2.93,5.36,7.68,7.04,197.07%,152.49%,-3%/2%(阳),2%,-3%,-2%,-4%,-4%,-5%,-1%
002388,新亚制程,2021-04-15,9.45,-1.34,4.2,3.48,11.8,123.56%,104.52%,-1%/1%(阴),1%,0%,-2%,-3%,-3%,-4%,-5%
002389,航天彩虹,2020-12-25,9.11,9.12,4.0,4.27,10.3,250.77%,143.03%,-5%/1%(阴),-2%,0%,6%,11%,13%,18%,18%
002396,星网锐捷,2022-10-31,9.23,-5.33,4.43,5.48,8.86,119.35%,117.0%,-2%/-1%(阳),-1%,-2%,0%,-1%,-1%,1%,1%
002400,省广集团,2013-04-24,9.15,4.42,7.71,7.97,10.02,155.34%,118.15%,-5%/0%(阴),-4%,-6%,-2%,2%,1%,-4%,-4%
002400,省广集团,2023-01-17,9.95,-2.26,4.12,1.68,8.84,167.05%,103.26%,-3%/1%(阴),-3%,-4%,3%,1%,1%,2%,4%
002402,和而泰,2025-07-01,9.43,-0.69,4.54,0.65,5.7,154.38%,113.64%,-4%/2%(阴),-2%,-2%,-4%,-6%,-6%,-7%,-6%
002405,四维图新,2020-02-25,3.51,6.71,6.6,8.76,10.46,202.29%,106.73%,-8%/-2%(阴),-3%,-15%,-15%,-9%,-11%,-12%,-9%
002406,远东传动,2017-02-08,10.47,1.26,7.74,6.2,12.71,291.54%,116.92%,-3%/0%(阴),-2%,-1%,-2%,-2%,-2%,0%,-5%
002407,多氟多,2017-07-14,9.68,-1.76,5.64,5.82,10.67,128.3%,110.98%,-7%/5%(阳),5%,6%,10%,6%,4%,0%,3%
002407,多氟多,2019-07-03,8.45,1.31,5.91,6.67,11.6,294.0%,103.45%,-4%/-1%(阴),-4%,-7%,-1%(板),5%,8%,13%,16%
002407,多氟多,2022-11-28,9.32,-2.41,3.73,5.99,8.93,128.37%,112.37%,-1%/0%(阳),2%,-1%,3%,2%,3%,2%,1%
002416,爱施德,2019-06-27,11.63,0.0,4.95,8.53,10.92,155.36%,140.53%,-3%/0%(阳),0%,-2%,-3%,-4%,-5%,-4%,-5%
002416,爱施德,2020-04-22,9.23,1.42,4.69,2.66,6.87,125.35%,112.7%,-3%/-1%(阴),-1%,6%(板),17%(板),17%,14%,6%,10%
002421,达实智能,2021-06-03,6.96,-0.26,7.63,7.92,11.87,233.24%,127.54%,-5%/-3%(阴),-1%,-1%,-3%,-3%,0%,0%,-1%
002424,ST百灵,2015-10-16,5.9,3.92,4.25,4.58,11.47,141.35%,100.46%,-6%/-1%(阴),-67%,-68%,-69%,-67%(板),-64%,-63%,-63%
002430,杭氧股份,2018-01-08,10.42,1.67,6.75,2.98,5.85,119.36%,110.51%,-2%/2%(阴),-2%,-1%,-3%,-5%,-10%,-12%,-8%
002432,九安医疗,2013-11-28,11.13,-0.53,4.14,5.4,10.27,116.34%,110.83%,-1%/2%(阳),-1%,-6%,-3%,-3%,-4%,-3%,-3%
002436,兴森科技,2018-04-20,9.45,-1.79,5.37,6.19,11.11,142.8%,119.55%,-4%/1%(阴),-1%,0%,2%,0%,-3%,-8%,-7%
002440,闰土股份,2016-02-26,10.46,-5.86,9.57,5.55,8.7,142.93%,110.84%,-10%/-4%(阴),-6%,1%(板),8%,14%,20%,14%,9%
002441,众业达,2026-02-06,10.43,-4.01,3.19,5.79,6.93,236.69%,131.92%,-2%/-1%(阳),-3%,-4%,1%,-2%,2%,2%,4%
002452,长高电气,2019-10-14,11.01,-2.77,8.51,8.1,11.16,158.39%,119.73%,-4%/2%(阳),0%,-3%,-4%,-2%,-5%,-4%,-5%
002470,金正大,2023-07-26,7.91,1.69,10.55,6.64,13.28,179.3%,123.32%,-7%/-3%(阴),-5%,-8%,-8%,-6%,-9%,-9%,-10%
002472,双环传动,2025-09-18,10.1,8.24,9.03,5.04,9.64,213.47%,110.81%,-8%/-5%(阴),0%,5%,4%,4%,0%,-2%,-2%
002474,榕基软件,2022-03-08,10.96,-3.19,4.79,1.79,12.23,217.59%,150.83%,-2%/9%(板),18%,12%,15%,11%,11%(板),21%,12%
002483,润邦股份,2012-08-30,12.57,-1.19,4.42,4.59,7.97,122.42%,116.89%,-3%/-1%(阴),-2%,-3%,-5%,-4%,1%,0%,3%
002487,大金重工,2021-07-29,9.95,-3.02,6.7,5.3,9.56,125.39%,112.36%,-2%/3%(阳),13%,6%,3%,2%,1%,3%,2%
002487,大金重工,2024-10-08,9.0,9.95,7.89,4.13,9.97,149.67%,125.5%,-9%/-3%(阴),-4%,-9%,-12%,-12%,-15%,-14%,-12%
002488,金固股份,2020-09-23,9.3,6.01,9.12,3.88,15.01,136.47%,106.33%,-9%/4%(阴),-8%,-10%,-6%,-8%,-7%,-4%,-10%
002489,浙江永强,2020-03-04,8.22,3.73,5.39,9.0,11.4,253.74%,199.28%,-2%/5%(阳),8%,6%,13%,23%,11%,-4%,-5%
002489,浙江永强,2024-08-30,11.2,-1.75,5.96,3.57,11.79,238.42%,121.34%,-5%/-1%(阴),-5%,-4%,-5%,-4%,-7%,-7%,-7%
002495,佳隆股份,2020-04-08,10.75,3.26,8.14,5.99,11.36,267.88%,126.35%,-10%/-3%(阳),-6%,-12%,-13%,-14%,-17%,-18%,-19%
002504,未找到标的,2017-04-07,5.7,0.24,5.54,4.8,9.96,179.17%,104.75%,-1%/8%(阳),8%,4%,2%,0%,0%,-3%,-6%
002506,协鑫集成,2019-04-04,10.42,-0.33,3.32,7.83,12.67,137.05%,120.44%,-1%/6%(阳),16%(板),27%,19%,16%,20%,16%,19%
002509,未找到标的,2019-01-21,10.53,-3.31,6.62,7.22,12.17,135.97%,124.45%,-5%/-3%(阳),-5%,-7%,-8%,-10%,-15%,-16%,-19%
002513,蓝丰生化,2025-05-06,9.68,-3.39,4.51,6.54,7.71,188.16%,114.74%,2%/4%(阳),4%,4%,5%,8%,4%,5%,5%
002516,旷达科技,2017-03-28,6.88,-1.67,5.29,6.93,13.58,251.08%,148.63%,-7%/-3%(阳),-5%,-9%,-9%,-9%,-9%,-12%,-13%
002518,科士达,2019-03-06,9.98,8.01,12.1,4.45,12.11,106.87%,106.81%,-5%/1%(阴),-6%,-4%,-2%,0%,-1%,-6%,-5%
002519,银河电子,2023-11-01,11.55,-1.86,4.57,5.52,10.34,150.8%,143.42%,-4%/-1%(阴),-3%,1%,4%,2%,0%,-1%,0%
002520,日发精机,2026-08-14,11.02,-3.03,4.55,4.07,12.52,193.92%,132.02%,-3%/-1%(阳),5%,-1%,-8%,-11%,-10%,-7%,-4%
002528,*ST英飞,2026-08-25,11.13,7.1,7.46,-4.64,13.76,184.73%,120.86%,-1%/3%(阴),6%,16%,27%,30%,33%,33%,26%
002543,万和电气,2025-08-08,9.25,-0.54,5.94,7.44,11.71,249.48%,139.8%,-5%/-1%(阳),-5%,-7%,-8%,-9%,-8%,-8%,-9%
002544,普天科技,2015-05-12,10.11,7.79,7.84,2.55,7.92,123.42%,100.26%,-3%/-1%(阴),-1%,3%,1%,2%,9%,14%,17%
002545,东方铁塔,2026-01-19,9.76,-0.52,8.44,7.03,11.56,139.25%,101.73%,-6%/0%(阴),7%,16%,22%,21%,18%,15%,18%
002550,千红制药,2025-05-30,10.73,1.56,9.48,8.08,10.03,254.36%,128.81%,0%/10%(板),20%,13%,9%,12%,14%,14%,24%
002553,南方精工,2015-12-29,9.93,0.21,6.36,4.3,11.19,158.25%,124.85%,-4%/-1%(阴),-2%,-7%,-16%,-16%,-18%,-22%,-25%
002555,三七互娱,2014-01-09,12.11,4.58,7.66,5.43,11.05,198.67%,150.03%,-1%/9%(阳),4%,7%,10%,4%,7%,1%,4%
002555,三七互娱,2019-03-13,8.32,7.62,4.68,-5.06,11.9,199.35%,107.68%,-9%/-4%(阴),-7%,-7%,-3%,-5%,-7%,-7%,-10%
002561,徐家汇,2024-09-30,7.18,2.78,7.98,9.29,7.53,150.83%,102.34%,-3%/10%(阴),-3%,0%,4%,-3%,1%,-3%,-6%
002562,兄弟科技,2019-07-09,9.86,0.64,6.18,3.6,8.05,150.25%,121.95%,-3%/5%(阳),4%,0%,-3%,5%,4%,3%,1%
002567,唐人神,2019-02-19,10.83,7.13,7.13,3.73,9.45,132.87%,101.51%,0%/10%(阳),18%,14%,16%,21%,17%,11%,10%
002571,德力股份,2023-02-02,12.46,-1.62,6.07,0.82,10.29,167.88%,128.2%,-4%/-1%(阴),-3%,-3%,-3%,-4%,-3%,-3%,-3%
002575,群兴玩具,2026-01-28,11.71,-0.86,5.18,3.19,10.16,167.89%,138.91%,-3%/5%(阳),3%,11%(板),22%,13%,13%(板),14%,15%
002577,雷柏科技,2019-11-05,14.7,-2.03,5.42,2.77,5.93,247.05%,104.09%,-2%/2%(阳),1%,8%,14%(板),21%,17%,23%,18%
002578,闽发铝业,2021-02-22,7.4,2.92,9.36,2.27,7.67,206.19%,118.43%,-4%/9%(板),9%,9%,-1%,-3%,-5%,-3%,0%
002584,西陇科学,2023-08-15,10.13,-0.84,4.52,4.56,9.29,277.74%,106.35%,-4%/-2%(阴),-5%,-6%,0%,4%,8%,7%,12%
002590,万安科技,2019-02-25,11.19,-0.79,3.57,3.86,6.92,177.62%,113.14%,-3%/0%(阴),-2%,5%(板),12%,11%,14%,23%,17%
002594,比亚迪,2020-07-07,8.48,1.95,5.27,2.6,6.8,113.75%,108.66%,-1%/1%(阳),3%,11%,17%(板),17%,17%,15%,2%
002597,金禾实业,2013-12-09,9.65,-2.59,7.95,8.06,11.29,139.64%,110.57%,-4%/-2%(阳),0%,-3%,-4%,-1%,-6%,-8%,-8%
002608,江苏国信,2012-09-13,3.9,3.49,11.62,9.89,13.21,154.37%,140.86%,-6%/0%(阴),0%,-2%,-9%,-5%,-13%,-15%,-14%
002613,北玻股份,2014-07-09,10.68,-1.29,4.69,1.97,7.21,152.79%,128.35%,-3%/3%(阳),5%,2%,4%,3%,5%,4%,4%
002617,露笑科技,2024-12-18,10.53,-2.23,7.22,5.37,11.41,299.09%,167.19%,-3%/5%(阳),9%(板),20%(板),27%,11%,13%(板),18%,16%
002620,*ST瑞和,2015-11-27,9.95,5.01,10.63,-4.96,13.49,145.08%,115.11%,-10%/4%(阴),-3%,-10%,-9%,-9%,-12%,-13%,-16%
002620,*ST瑞和,2020-08-12,9.55,3.62,9.26,6.84,12.15,294.01%,108.06%,-7%/-3%(阴),-7%,-9%,-10%,-11%,-13%,-13%,-14%
002621,未找到标的,2022-12-19,11.81,1.26,12.84,7.07,17.88,153.45%,103.14%,-9%/-6%(阴),-14%,-12%,-11%,-12%,-10%,-14%,-16%
002622,皓宸医疗,2021-09-28,11.5,0.66,7.63,-9.23,17.46,125.34%,119.22%,-9%/-1%(阴),-12%,-11%,-14%,-15%,-14%,-17%,-18%
002623,亚玛顿,2021-06-24,9.55,1.62,5.12,8.15,5.41,521.26%,177.16%,-4%/1%(阳),5%,7%,14%,10%,9%,11%,10%
002625,光启技术,2021-06-11,11.26,7.67,9.93,7.87,12.27,161.75%,122.66%,0%/5%(阳),3%,4%,4%,8%,7%,-1%,-4%
002630,*ST华西,2012-06-13,9.96,0.12,3.61,5.38,8.19,246.81%,105.42%,-3%/-1%(阴),0%,-2%,2%,0%,-3%,-6%,-5%
002638,勤上股份,2015-05-12,9.39,8.71,9.82,-0.36,7.94,118.08%,115.46%,-3%/4%(阳),8%,4%,2%,5%,11%,15%,15%
002643,万润股份,2021-11-18,2.02,1.39,5.83,7.12,8.58,138.76%,125.22%,-4%/1%(阴),4%,8%,6%,5%,7%,8%,7%
002644,佛慈制药,2024-09-25,10.36,-0.43,3.71,1.86,8.02,232.63%,109.79%,-2%/0%(阳),4%,12%,22%,13%,10%,7%,4%
002646,天佑德酒,2024-09-30,10.57,7.75,7.44,8.53,9.49,156.21%,122.24%,-3%/9%(阴),1%,-5%,-9%,-11%,-11%,-12%,-12%
002651,利君股份,2016-07-01,10.39,5.52,9.24,4.85,9.42,160.56%,103.81%,-2%/9%(板),13%,2%,2%,0%,0%,0%,-1%
002652,扬子新材,2024-11-12,12.27,-2.23,5.57,3.13,9.97,141.99%,131.61%,-2%/4%(阳),1%,-2%,-7%,-10%,-5%,-6%,-4%
002657,中科金财,2021-11-30,11.62,0.0,7.66,6.34,9.33,109.56%,101.09%,-3%/3%(阳),4%,0%,-2%,-2%,-1%,0%,0%
002664,信质集团,2023-10-09,8.29,-3.0,3.99,7.9,6.01,166.7%,147.06%,-1%/6%(阴),1%,-1%,-1%,3%,1%,0%,-1%
002670,国盛证券,2019-09-04,9.8,6.12,11.16,5.77,12.81,238.81%,134.3%,0%/7%(阴),2%,1%,2%,4%,6%,4%,3%
002678,珠江钢琴,2015-10-21,12.88,2.04,11.28,-9.23,15.54,108.72%,100.3%,1%/7%(阳),16%(板),23%,16%,16%,16%,23%,8%
002679,福建金森,2024-04-11,10.5,-5.51,6.89,4.06,10.0,273.26%,144.46%,-5%/-2%(阴),-11%,-21%,-20%,-19%,-21%,-22%,-21%
002681,奋达科技,2019-03-07,11.16,0.76,10.13,8.16,13.66,142.45%,106.51%,-9%/-1%(阴),-5%,-2%,-4%,-8%,-9%,-10%,-8%
002682,龙洲股份,2017-04-10,7.84,0.97,5.96,8.37,5.14,292.06%,225.06%,0%/6%(阳),-1%,-5%,2%,2%,1%,-6%,-10%
002687,乔治白,2015-04-07,6.71,3.36,9.7,6.91,8.62,103.35%,103.11%,-7%/-1%(阴),-4%,-5%,-1%,-2%,-4%,-7%,-7%
002688,金河生物,2019-09-10,9.94,4.26,10.11,9.86,13.78,167.33%,130.25%,-5%/3%(阴),-5%,-8%,-9%,-9%,-9%,-10%,-10%
002691,*ST冀凯,2023-11-27,10.55,-3.89,4.73,5.21,8.97,351.56%,117.84%,-3%/4%(阳),3%,2%,1%,0%,-1%,-1%,1%
002693,双成药业,2022-09-07,10.84,-0.17,11.54,3.06,9.52,211.8%,124.19%,-9%/4%(阴),-11%,-15%,-18%,-18%,-20%,-22%,-23%
002694,*ST顾地,2013-07-23,10.36,5.02,7.8,4.1,7.34,138.29%,123.91%,-2%/1%(阳),0%,0%,-3%,4%,6%,7%,6%
002697,红旗连锁,2016-06-15,11.93,-2.47,4.61,4.55,8.77,109.84%,105.62%,-2%/2%(阴),9%,0%,0%,-4%,-4%,0%,-3%
002700,万憬能源,2026-06-03,10.62,3.52,10.82,3.9,6.8,205.42%,104.77%,-5%/2%(阳),0%,5%,10%,8%,7%,8%,2%
002702,海欣食品,2022-08-31,12.35,-4.65,5.77,6.39,10.76,274.54%,151.82%,-4%/3%(阳),-3%,-4%,-4%,-6%,-7%,-10%,-9%
002703,浙江世宝,2013-11-26,8.43,2.14,5.74,3.73,12.31,281.72%,164.64%,-3%/2%(阳),9%(板),19%,13%,5%,5%,0%,2%
002703,浙江世宝,2017-07-04,10.76,-1.97,5.59,5.4,8.94,114.52%,104.86%,-1%/4%(阳),3%,1%,-1%,-1%,2%,2%,2%
002707,众信旅游,2020-07-07,10.17,7.58,14.69,-1.43,12.33,184.02%,129.08%,-4%/10%(板),21%(板),33%(板),44%,22%,22%,14%,12%
002712,思美传媒,2015-01-28,9.81,2.72,5.33,9.66,11.42,239.0%,174.86%,-3%/1%(阴),0%,-4%,-1%,0%,8%,10%,7%
002717,*ST岭南,2017-04-27,4.65,3.61,6.08,0.32,8.86,214.62%,100.15%,-2%/2%(阴),-2%,-1%,1%,-4%,-7%,-11%,-8%
002718,友邦吊顶,2014-06-25,9.25,2.81,4.79,3.33,6.16,119.73%,113.87%,0%/6%(阳),5%,4%,3%,1%,0%,2%,1%
002722,物产金轮,2015-05-27,12.47,4.84,6.47,5.32,13.44,134.78%,104.35%,-6%/9%(阴),-3%,-3%,5%,4%,0%,-1%,-5%
002725,跃岭股份,2014-10-21,10.86,-0.29,8.18,6.35,10.49,126.53%,106.47%,-3%/1%(阴),-2%,3%,-6%,-5%,1%,-3%,-4%
002733,雄韬股份,2018-08-02,9.46,-3.33,4.44,5.65,10.53,146.96%,138.26%,-3%/1%(阳),-3%,1%,4%,4%,2%,4%,2%
002735,王子新材,2015-05-28,9.71,9.84,5.07,-6.18,17.75,198.95%,195.58%,-10%/5%(阴),-1%,7%,6%,0%,-3%,-5%,-11%
002735,王子新材,2026-06-05,13.12,5.81,8.16,5.32,12.62,183.03%,120.07%,-5%/8%(阳),6%,9%,13%,7%,9%,18%(板),18%
002736,国信证券,2018-01-19,9.68,5.62,8.14,5.71,9.71,194.97%,122.95%,-4%/-1%(阴),-2%,0%,3%,0%,-1%,-2%,-11%
002741,光华科技,2019-12-26,10.09,-2.17,4.42,5.76,10.69,153.22%,125.52%,-3%/-1%(阴),-3%,-4%,-2%,-2%,-1%,0%,-1%
002745,木林森,2015-10-08,12.88,2.95,8.61,1.53,6.58,116.23%,107.57%,-3%/-1%(阴),2%,-2%,1%,2%,4%,0%,-1%
002745,木林森,2026-05-27,9.86,-3.33,7.3,5.16,5.07,128.58%,124.87%,-1%/1%(阴),-1%,-5%,-5%,-2%,-4%,-5%,-9%
002748,世龙实业,2016-09-06,12.31,4.13,8.71,6.03,11.21,171.64%,162.88%,-2%/2%(阳),2%,0%,-1%,-2%,-2%,-1%,-1%
002748,世龙实业,2023-02-10,10.04,-0.32,8.41,2.25,9.24,152.35%,100.7%,-2%/9%(板),9%,5%,5%,-1%,-3%,-2%,-3%
002752,昇兴股份,2020-11-17,11.07,3.04,7.03,-2.64,13.95,229.35%,169.62%,-10%/-3%(阴),4%(板),14%,2%,-2%,0%,-1%,-2%
002753,永东股份,2015-08-05,14.13,3.85,15.63,5.03,14.53,135.04%,110.46%,-8%/-2%(阴),-7%,-5%,-3%,-3%,-9%,-9%,-11%
002756,永兴材料,2024-10-08,8.38,9.3,7.93,3.58,12.4,169.23%,135.43%,-10%/-4%(阴),-10%,-12%,-15%,-15%,-16%,-17%,-15%
002759,ST天际,2023-02-23,10.19,1.0,2.52,5.0,9.79,270.42%,121.3%,-2%/-1%(阳),-1%,-3%,-4%,-4%,-4%,-6%,-3%
002761,浙江建投,2015-12-18,11.51,0.63,6.44,-7.08,13.78,143.74%,140.55%,-6%/-4%(阴),-4%,-5%,-8%,-7%,-7%,-8%,-8%
002763,汇洁股份,2019-05-07,10.92,2.46,8.64,4.12,11.51,159.66%,101.87%,-4%/2%(阳),-5%,-5%,-5%,3%,3%,2%,1%
002763,汇洁股份,2023-05-05,5.11,3.52,6.53,4.98,5.34,146.31%,101.53%,-3%/0%(阳),1%,1%,3%,5%,2%,2%,2%
002768,国恩股份,2025-11-11,10.65,-1.36,9.83,9.68,12.4,163.07%,122.25%,-7%/-1%(阴),-6%,-7%,-10%,-12%,-12%,-13%,-18%
002777,久远银海,2026-01-13,9.1,7.04,5.42,2.21,10.21,178.38%,100.71%,0%/6%(阳),7%,0%,-5%,-6%,-7%,-8%,-5%
002779,中坚科技,2024-11-15,12.46,1.92,8.01,-7.54,16.11,116.71%,102.42%,-7%/1%(阴),2%,5%,13%,18%,28%(板),28%,16%
002785,万里石,2016-06-22,10.61,7.52,11.96,0.74,10.95,183.34%,117.48%,-5%/-2%(阴),-4%,-3%,-3%,3%,-2%,3%,6%
002786,银宝山新,2025-07-03,3.69,-5.03,4.73,5.4,10.18,301.59%,109.76%,-2%/3%(阴),0%,-2%,-2%,-4%,-4%,-4%,-4%
002792,通宇通讯,2024-08-09,8.69,-1.54,6.81,5.17,9.87,190.62%,103.59%,-4%/-2%(阴),-4%,-1%,3%,1%,-1%,-4%,-4%
002793,罗欣药业,2020-08-05,11.01,6.55,8.46,4.35,11.19,173.58%,127.75%,-8%/0%(阴),-5%,-6%,-7%,-9%,-13%,-13%,-5%
002793,罗欣药业,2025-07-31,11.42,2.68,7.87,6.04,9.95,476.82%,121.15%,-5%/1%(阳),0%,-3%,-6%,-9%,-11%,-9%,-8%
002797,第一创业,2021-09-06,10.68,6.56,4.64,2.05,10.77,233.55%,113.85%,-5%/-1%(阳),-1%,-2%,4%,0%,-3%,-5%,-5%
002811,郑中设计,2026-08-18,10.42,2.65,5.4,5.09,6.98,273.08%,107.6%,-2%/2%(阳),9%(板),11%,13%,10%,9%,9%,11%
002813,路畅科技,2023-11-21,10.93,0.29,9.8,7.12,11.98,320.57%,111.6%,-6%/-3%(阴),-1%,0%,2%,5%,1%,-5%,-7%
002823,凯中精密,2021-11-15,10.47,-2.03,4.62,6.51,11.23,180.2%,158.03%,-3%/3%(阳),2%,1%,1%,4%,5%,5%,3%
002828,贝肯能源,2022-11-28,13.0,-3.09,9.91,5.91,10.6,170.85%,110.87%,-3%/1%(阳),11%,2%,3%,6%,0%,-9%,-10%
002835,同为股份,2022-01-13,10.68,-1.01,5.59,2.67,9.5,129.81%,104.26%,-3%/0%(阴),-1%,-2%,-4%,-3%,-2%,7%,3%
002845,同兴达,2025-07-03,10.63,-2.61,4.7,3.72,6.46,217.53%,114.56%,-3%/0%(阴),-1%,-1%,-2%,-2%,2%,0%,-3%
002847,盐津铺子,2017-09-13,10.87,8.77,11.09,-0.44,5.95,109.76%,105.09%,-2%/2%(阴),3%,5%,3%,3%,4%,2%,2%
002851,麦格米特,2022-06-15,11.64,4.96,13.08,3.76,10.83,421.27%,139.35%,-3%/2%(阴),2%,8%,8%,4%,8%,9%,6%
002852,道道全,2025-07-16,7.91,-4.42,5.63,5.53,9.43,145.09%,120.61%,-3%/-1%(阴),-3%,-3%,-3%,-3%,-1%,0%,0%
002856,*ST美芝,2019-03-21,11.5,-3.3,5.96,0.77,8.83,106.59%,104.5%,-3%/2%(阳),0%,-2%,-5%,-6%,-4%,-5%,1%
002861,瀛通通讯,2022-11-04,8.71,-4.48,5.51,2.34,11.17,322.84%,116.6%,1%/10%(板),9%,3%,2%,3%,1%,-1%,-1%
002862,实丰文化,2021-02-26,9.34,-3.37,6.34,8.78,14.6,186.79%,133.4%,-5%/9%(阳),2%,-3%,-2%,1%,7%(板),18%(板),18%
002863,今飞凯达,2023-07-27,9.9,-2.44,3.2,-0.47,7.19,198.53%,102.07%,-3%/2%(阴),3%,2%,1%,0%,0%,-1%,-2%
002865,钧达股份,2020-05-29,10.71,3.77,13.29,5.48,8.9,255.45%,100.92%,-5%/5%(阳),9%,-4%,-7%,-7%,-7%,-10%,-10%
002865,钧达股份,2022-06-14,10.81,9.55,11.39,3.2,10.61,188.85%,110.33%,-8%/0%(阴),2%,5%,6%,1%,3%,3%,3%
002865,钧达股份,2025-07-10,10.28,1.38,3.42,3.93,5.91,120.85%,100.85%,-2%/3%(阴),-1%,-4%,-4%,2%,-1%,0%,2%
002870,香山股份,2025-12-29,10.14,0.05,6.02,1.23,10.02,156.47%,127.38%,2%/5%(阴),2%,-3%,-1%,-3%,-4%,-4%,-4%
002881,美格智能,2022-05-20,10.38,5.13,12.8,6.29,13.48,228.98%,130.61%,-5%/9%(阳),6%,7%,1%,0%,-1%,-4%,3%
002886,沃特股份,2023-03-06,10.13,4.01,8.4,0.69,9.4,186.03%,102.12%,-5%/0%(阴),-3%,0%,-1%,-2%,-6%,-6%,-9%
002889,东方嘉盛,2023-09-12,9.03,-2.56,4.64,3.87,7.49,141.1%,106.29%,-6%/0%(阳),10%(板),21%(板),33%(板),28%,16%,11%,8%
002892,科力尔,2024-09-12,11.58,-2.85,2.52,2.93,4.18,153.7%,124.48%,-2%/0%(阳),-1%,-1%,2%,5%,1%,6%,12%(板)
002907,华森制药,2024-08-06,11.12,-5.2,5.99,8.3,10.66,184.62%,122.55%,-5%/-3%(阴),0%,-3%,-2%,-5%,-6%,-7%,-6%
002910,庄园牧场,2026-06-18,10.99,-0.45,5.08,4.39,16.04,277.28%,198.16%,-4%/10%(板),15%,5%,4%,5%(板),5%,4%,1%
002913,奥士康,2023-03-08,10.36,-2.32,4.71,7.03,11.01,250.7%,133.65%,-4%/0%(阳),-3%,-5%,-6%,-6%,-7%,-6%,-5%
002916,深南电路,2025-09-01,9.12,6.19,7.99,0.95,6.53,117.35%,116.77%,-10%/1%(阴),-6%,-6%,-9%,-9%,-11%,-8%,0%(板)
002919,名臣健康,2025-10-14,10.91,-0.72,5.71,6.3,5.02,126.52%,125.14%,0%/5%(阳),4%,2%,3%,3%,3%,2%,5%
002920,德赛西威,2021-01-20,15.09,6.4,11.0,3.88,9.66,117.73%,100.78%,-4%/-1%(阳),-1%,-2%,-4%,-5%,-6%,-7%,-9%
002920,德赛西威,2023-06-14,7.38,7.89,6.65,0.58,4.48,242.42%,102.13%,-2%/7%(阳),7%,14%,18%,22%,18%,11%,9%
002922,伊戈尔,2019-08-07,9.87,-3.76,6.73,4.6,9.95,281.07%,120.31%,-3%/1%(阳),-1%,-7%,0%(板),7%,1%,1%,4%
002927,泰永长征,2023-05-10,9.36,-1.44,6.69,6.63,11.8,511.99%,125.94%,-4%/-2%(阳),-3%,2%,4%,0%,0%,2%,4%
002928,华夏航空,2024-08-02,10.14,0.95,3.5,0.79,6.14,137.32%,100.55%,1%/6%(阴),4%,1%,0%,-1%,-5%,-6%,-6%
002929,润建股份,2026-01-09,10.48,0.87,3.83,4.72,7.06,128.06%,104.07%,-2%/2%(阳),2%,5%,5%,1%,-3%,-4%,-6%
002935,天奥电子,2026-04-22,10.1,-1.49,2.98,5.71,8.0,163.34%,126.04%,-3%/0%(阳),-1%,-1%,0%,4%,6%,8%,6%
002938,鹏鼎控股,2025-07-07,8.62,3.22,6.83,1.41,8.65,137.08%,122.91%,-2%/6%(阳),5%,8%,4%,6%,16%(板),16%,22%
002940,昂利康,2025-06-05,10.69,1.63,7.85,5.94,14.07,270.37%,100.58%,-2%/9%(板),20%(板),33%(板),46%(板),59%,52%,62%(板),78%
002941,新疆交建,2023-03-17,10.32,0.79,9.84,6.03,10.68,221.23%,111.5%,-2%/5%(阴),-1%,-3%,3%,-1%,-3%,-4%,-6%
002948,青岛银行,2022-11-29,9.6,0.85,4.51,8.1,10.06,303.78%,176.12%,-5%/-2%(阴),-4%,-8%,-7%,-8%,-8%,-8%,0%
002949,华阳国际,2020-05-29,0.13,2.11,8.1,6.21,11.67,507.69%,110.85%,-1%/3%(阳),1%,-2%,-1%,1%,-3%,-6%,-8%
002950,奥美医疗,2024-09-04,5.22,-4.61,4.34,6.54,9.82,310.19%,125.32%,-4%/-1%(阴),-2%,-2%,-2%,-2%,0%,-1%,-3%
002957,科瑞技术,2024-11-13,12.93,-4.24,7.92,4.27,16.49,106.78%,104.57%,-10%/-1%(阴),-11%,-11%,-12%,-10%,-11%,-13%,-16%
002967,广电计量,2024-03-20,9.53,-4.44,5.19,6.57,9.07,150.33%,113.22%,-1%/8%(阳),6%,6%,-2%,-5%,-1%(板),7%,13%(板)
002971,和远气体,2023-11-22,6.32,0.8,7.25,-7.46,12.16,151.3%,106.18%,-2%/0%(阴),0%,-1%,1%,3%,0%,1%,2%
002976,瑞玛精密,2024-09-30,10.43,3.19,7.25,8.57,7.87,201.34%,126.85%,-3%/9%(阴),0%,-5%,-5%,-8%,-10%,-11%,-12%
002983,芯瑞达,2025-04-25,4.05,-3.62,3.68,5.22,6.29,142.86%,115.31%,-2%/1%(阴),2%,6%,5%,8%,6%,6%,6%
002985,北摩高科,2025-04-21,11.0,2.41,6.06,6.51,11.71,141.97%,102.24%,-3%/0%(阴),-1%,-4%,-6%,-6%,-7%,-7%,-5%
002985,北摩高科,2025-10-10,10.77,1.37,4.18,4.22,5.4,160.35%,129.83%,-3%/3%(阳),2%,4%,4%,1%,-1%,-3%,-4%
002988,豪美新材,2026-08-18,10.81,-2.27,5.75,5.62,10.36,263.15%,129.54%,-8%/-1%(阴),-7%,0%(板),0%,-1%,3%,2%,2%
002991,甘源食品,2024-09-30,10.45,5.06,8.17,9.01,8.35,125.23%,104.6%,-4%/9%(阴),-3%,-5%,-6%,-7%,-7%,-9%,-9%
003008,开普检测,2022-08-17,10.65,-1.82,4.59,6.45,12.33,233.81%,172.53%,-3%/1%(阳),3%,-2%,-1%,1%,0%,-4%,-7%
003010,若羽臣,2023-12-01,10.07,2.85,9.02,7.11,14.27,387.51%,115.8%,-9%/-6%(阳),-8%,-7%,-8%,-8%,-12%,-8%,-8%
003015,日久光电,2021-04-07,11.59,-3.13,6.19,3.89,10.68,125.09%,106.91%,-3%/2%(阴),-1%,-2%,-1%,2%(板),3%,4%,4%
003033,征和工业,2025-05-08,10.83,6.2,6.75,5.84,8.74,224.04%,130.56%,-2%/3%(阴),6%,3%,-1%,1%,0%,-3%,-4%
003036,泰坦股份,2025-05-08,9.74,5.3,9.3,5.93,8.69,130.61%,100.78%,-4%/1%(阴),-1%,-2%,5%,0%,2%,7%,5%
003039,顺控发展,2022-11-28,10.04,-2.83,4.06,7.14,11.98,152.42%,129.83%,-3%/7%(阳),0%,-1%,-2%,2%,0%,-1%,-2%
003041,真爱美家,2021-11-10,10.51,0.39,12.46,7.61,11.16,191.12%,136.69%,-1%/2%(阴),5%,10%,15%,18%,18%,16%,19%
300013,新宁物流,2020-06-09,12.16,-3.25,5.04,6.05,11.09,218.86%,187.32%,-4%/0%(阳),-1%,3%,0%,2%,2%,0%,-5%
300017,网宿科技,2010-06-09,13.01,4.29,6.77,9.07,12.24,212.91%,101.09%,-2%/10%(板),20%,19%,10%,8%,7%,3%,-5%
300017,网宿科技,2015-01-08,7.24,2.09,5.35,8.94,11.25,196.07%,119.79%,-3%/2%(阳),4%,3%,1%,6%,10%,13%,16%
300020,ST银江,2015-05-12,11.02,9.96,9.56,-0.9,5.96,111.47%,106.42%,-6%/0%(阳),3%,-1%,6%(板),17%,21%,25%(板),34%
300024,机器人,2019-03-07,10.94,1.0,6.37,5.16,13.55,139.25%,108.31%,-6%/1%(阴),-1%,0%,-1%,-3%,-2%,-1%,-2%
300026,红日药业,2020-02-05,10.2,6.79,11.09,8.9,14.19,164.9%,103.09%,-2%/9%(板),21%(板),17%,2%,0%,-4%,-5%,-9%
300027,ST华谊,2015-05-12,10.04,1.74,5.51,6.33,10.89,131.68%,100.13%,-3%/8%(阳),9%,3%,5%,4%,7%,5%,7%
300033,同花顺,2019-12-17,6.84,4.74,8.8,-0.88,10.52,106.2%,100.77%,0%/3%(阴),1%,2%,-1%,-6%,-5%,-3%,-2%
300047,天源迪科,2015-05-12,9.47,3.07,7.03,1.83,11.38,115.17%,106.66%,-5%/-1%(阳),-1%,-2%,4%,12%(板),24%,23%,32%
300051,琏升科技,2014-11-03,8.35,-2.27,7.6,7.21,11.22,209.79%,102.56%,-4%/0%(阴),-1%,-9%,-18%,-22%,-24%,-22%,-23%
300054,鼎龙股份,2015-03-06,9.9,4.65,7.39,-4.25,12.15,162.0%,115.03%,-2%/3%(阳),10%,10%,12%,10%,10%,12%,13%
300061,旗天科技,2017-02-27,9.97,0.67,5.04,6.16,9.35,121.41%,103.42%,-2%/2%(阴),1%,-1%,0%,0%,-1%,-2%,-4%
300069,金利华电,2014-06-09,10.31,4.23,5.43,1.92,7.79,190.77%,128.79%,-1%/4%(阳),2%,1%,0%,3%,4%,6%,0%
300084,海默科技,2012-05-10,11.72,-3.46,9.11,8.4,11.89,173.52%,102.22%,-6%/-1%(阴),-4%,2%(板),7%,4%,6%,2%,0%
300097,智云股份,2014-12-01,11.47,1.77,9.05,9.06,13.3,144.33%,100.35%,-9%/-10%(阴),-14%,-18%,-20%,-22%,-29%,-30%,-31%
300098,高新兴,2020-02-26,7.85,5.08,12.7,5.89,13.9,233.17%,104.63%,-4%/5%(阴),-1%,1%,7%(板),6%,6%,3%,6%
300103,达刚控股,2020-07-27,11.81,3.2,7.06,4.47,15.97,281.48%,105.31%,-6%/-1%(阴),-5%,-5%,-7%,-5%,-4%,-5%,-1%
300104,未找到标的,2012-02-21,10.6,5.63,7.87,8.29,11.14,214.47%,107.95%,0%/3%(阳),7%,3%,6%,7%,8%,0%,9%(板)
300106,西部牧业,2018-08-02,10.71,0.99,5.45,4.08,14.54,143.18%,141.32%,-8%/-2%(阴),-8%,-7%,-4%,-6%,-5%,-7%,-8%
300110,华仁药业,2019-08-27,11.9,7.82,12.87,3.41,12.15,204.73%,103.63%,-8%/0%(阴),-3%,-7%,-10%,-9%,-8%,-9%,-10%
300114,未找到标的,2016-08-30,9.22,1.87,4.4,1.87,10.97,139.71%,122.59%,-3%/-1%(阴),-1%,-4%,-4%,-4%,0%,1%,0%
300114,未找到标的,2018-03-28,12.56,3.34,6.87,3.5,11.5,180.14%,106.9%,-3%/3%(阳),4%,13%,4%,5%,2%,1%,-2%
300115,长盈精密,2020-02-25,9.44,8.54,9.94,2.74,15.62,115.76%,104.1%,-4%/5%(阳),4%,1%,-3%,1%,-6%,-5%,-13%
300126,锐奇股份,2013-11-14,10.83,1.93,5.38,5.97,8.66,166.23%,111.36%,-2%/2%(阳),1%,1%,2%,-2%,-2%,4%,3%
300131,英唐智控,2014-05-29,8.97,4.59,6.63,3.98,11.45,307.99%,112.79%,-3%/0%(阴),1%,-6%,-4%,-2%,-4%,-6%,-1%
300137,先河环保,2012-06-13,10.28,-3.18,5.81,3.65,6.37,115.5%,103.35%,-3%/0%(阴),-3%,0%,-1%,-2%,-4%,-6%,-11%
300139,晓程科技,2015-04-03,9.89,4.04,6.98,-1.4,7.37,129.67%,108.02%,-1%/6%(阳),8%,0%,-59%,-62%,-63%,-65%,-67%
300140,节能环境,2013-12-18,10.36,3.19,9.58,5.24,9.84,147.42%,119.2%,-9%/1%(阴),1%,-6%,-7%,-6%,-1%,-4%,-2%
300141,和顺电气,2017-02-21,9.9,-2.78,4.31,3.8,8.02,182.98%,121.58%,-2%/0%(阳),-1%,-2%,0%,-1%,-3%,-3%,2%
300147,*ST香雪,2011-11-15,8.82,4.78,5.74,6.88,11.58,624.33%,137.3%,-6%/-2%(阴),-5%,-9%,-11%,-11%,-12%,-12%,-12%
300148,天舟文化,2013-02-26,10.3,2.34,4.9,5.5,12.01,213.33%,122.1%,-5%/-1%(阳),2%,4%,-1%,-4%,-2%,-3%,-4%
300151,昌红科技,2017-03-03,11.43,-3.46,3.97,4.02,8.66,150.39%,102.98%,-1%/1%(阳),1%,-1%,-2%,-1%,1%,0%,8%(板)
300176,鸿特科技,2020-01-08,11.14,1.3,7.21,3.26,11.18,111.1%,107.67%,-2%/2%(阴),0%,-3%,-3%,-6%,-3%,-6%,-9%
300185,通裕重工,2015-03-24,9.56,4.28,4.55,7.05,11.41,256.71%,104.32%,-3%/-1%(阴),-1%,-4%,-2%,-3%,-4%,1%,6%
300196,长海股份,2016-04-08,10.31,1.1,6.74,3.67,6.95,134.46%,131.23%,-1%/3%(阳),2%,0%,4%,3%,-3%,-3%,-5%
300213,佳讯飞鸿,2013-11-14,10.96,8.83,11.97,2.83,11.0,154.68%,118.47%,-4%/0%(阴),-4%,-4%,-6%,-5%,-8%,-10%,-7%
300216,未找到标的,2014-04-09,7.78,6.39,7.15,8.08,11.87,133.04%,112.74%,-2%/5%(阴),4%,12%(板),21%,30%,27%,19%,19%
300220,金运激光,2015-05-12,8.87,5.32,10.71,6.47,14.64,128.5%,115.76%,-4%/10%(阳),9%,4%,9%,11%,20%(板),28%,26%
300223,君正股份,2017-09-04,11.53,9.98,11.89,4.25,11.11,173.46%,125.31%,-2%/6%(阳),13%(板),17%,8%,5%,9%,4%,4%
300227,光韵达,2014-05-20,3.48,-2.52,6.84,4.37,7.55,257.53%,142.03%,-4%/-1%(阳),1%,-2%,2%,1%,1%,2%,4%
300250,初灵信息,2012-09-07,10.58,0.06,5.9,1.73,6.73,118.99%,102.93%,-1%/6%(阳),4%,0%,-1%,-2%,-5%,-7%,-4%
300251,光线传媒,2020-07-14,10.73,5.01,7.94,2.59,11.87,151.45%,114.38%,-4%/2%(阴),2%,-8%,-5%,-9%,-9%,-10%,-9%
300255,常山药业,2015-10-12,6.03,6.6,9.73,9.07,8.76,126.32%,111.38%,-2%/5%(阳),3%,6%,7%,4%,2%,6%,-1%
300263,隆华科技,2020-02-19,9.02,5.19,7.2,2.71,10.51,182.27%,108.43%,-4%/2%(阳),8%,6%,15%,14%,11%,17%,20%(板)
300270,中威电子,2015-05-20,10.0,8.1,12.84,3.28,8.99,143.84%,113.07%,2%/9%(板),15%,4%,12%,-45%,-44%,-48%,-50%
300292,吴通控股,2013-08-06,10.55,-1.39,7.38,5.4,12.22,135.37%,130.16%,-6%/-1%(阴),1%,-3%,-3%,-4%,-2%,1%,-3%
300298,三诺生物,2015-10-22,10.09,-1.94,11.55,9.27,11.61,114.41%,102.49%,1%/8%(阳),5%,3%,12%,3%,-5%,-6%,-6%
300305,裕兴股份,2015-04-08,9.24,4.33,7.8,6.81,14.77,164.85%,121.57%,-8%/-1%(阴),7%,12%,7%,0%,-6%,-8%,-5%
300308,中际旭创,2014-11-27,10.32,8.06,5.31,7.63,9.91,330.04%,115.11%,-6%/-1%(阴),-6%,-7%,-8%,0%,-5%,-5%,-10%
300309,未找到标的,2019-09-16,1.18,-2.45,6.13,4.25,7.08,233.83%,125.32%,-4%/-1%(阴),-3%,-7%,-7%,-9%,-8%,-9%,-13%
300312,未找到标的,2017-08-18,9.07,9.56,4.39,0.88,4.32,409.78%,174.06%,-2%/5%(阴),7%,1%,-2%,4%,9%,4%,3%
300321,同大股份,2019-10-23,6.31,-2.58,6.59,3.0,9.18,214.41%,107.26%,-3%/8%(阳),5%,-1%,-2%,-5%,-7%,-5%,-5%
300324,旋极信息,2020-01-17,12.08,0.46,5.79,6.53,9.41,188.19%,137.64%,-2%/3%(阳),2%,2%,8%,-8%,1%,6%,16%
300328,宜安科技,2017-06-22,9.65,4.52,6.73,3.56,11.36,1198.72%,144.7%,-8%/-4%(阴),-4%,-5%,-7%,-7%,-9%,-7%,-6%
300331,苏大维格,2012-12-21,10.02,4.55,7.05,5.16,10.58,162.16%,103.75%,-4%/1%(阳),3%,7%,3%,-1%,-4%,-1%,0%
300334,津膜科技,2013-02-20,7.07,0.76,4.64,2.59,9.11,162.07%,102.14%,-1%/3%(阳),3%,9%,7%,4%,6%,11%,11%
300340,科恒股份,2015-05-28,11.13,2.82,7.44,1.95,12.06,148.53%,130.7%,-8%/4%(阴),10%,12%,11%,7%,6%,2%,0%
300342,天银机电,2019-08-30,9.58,-2.15,6.56,3.66,10.47,184.42%,103.41%,-1%/5%(阳),3%,3%,1%,1%,5%,4%,2%
300350,华鹏飞,2012-11-06,9.75,5.14,7.91,6.25,12.57,287.9%,118.26%,-5%/0%(阳),3%,0%,3%,1%,6%,3%,3%
300384,三联虹普,2016-07-13,9.56,-1.44,5.65,5.97,9.32,113.57%,106.93%,-1%/3%(阳),1%,-2%,1%,1%,-1%,-1%,-3%
300385,ST雪浪,2019-06-21,7.1,4.8,9.61,7.78,9.89,298.47%,144.2%,-4%/-1%(阴),-5%,-12%,-12%,-8%,0%,-2%,5%
300401,花园生物,2016-06-21,9.95,9.58,12.18,0.41,9.04,194.91%,130.15%,-2%/1%(阴),1%,-2%,-1%,5%,3%,3%,1%
300429,强力新材,2017-08-17,10.01,0.18,4.39,2.51,7.07,151.95%,105.76%,-1%/0%(阳),0%,-2%,-2%,1%,1%,2%,2%
300469,信息发展,2017-09-06,8.19,4.74,10.63,7.33,12.2,282.26%,104.78%,-4%/2%(阴),-1%,-3%,-5%,-7%,-6%,-8%,-10%
300474,景嘉微,2019-09-23,10.49,4.29,5.63,4.73,7.88,124.71%,102.01%,-1%/4%(阴),4%,1%,-2%,-2%,-5%,-5%,-3%
300496,中科创达,2020-01-22,10.72,5.01,7.17,1.33,10.09,119.66%,103.44%,-8%/-1%(阴),-17%,-8%(板),-1%,2%,1%,10%,14%
300503,昊志机电,2019-02-25,11.22,-2.02,6.15,4.02,7.46,119.29%,106.51%,-3%/-1%(阴),-3%,-4%,-5%,-2%,-2%,2%,6%
300519,新光药业,2020-06-17,9.84,6.38,12.08,5.35,12.94,204.48%,113.83%,-7%/-2%(阴),-8%,-1%,4%,-1%,-4%,-2%,-3%
300525,博思软件,2018-03-30,9.67,0.75,10.97,8.05,10.83,428.58%,125.4%,-1%/10%(阳),1%,1%,-1%,6%,7%,11%,13%
300527,ST应急,2017-09-28,10.56,1.12,6.04,8.43,11.66,241.37%,140.08%,-3%/7%(阳),9%,7%,6%,16%,11%,7%,11%
300554,三超新材,2020-05-20,9.28,-2.16,5.82,5.01,11.36,206.99%,162.02%,-4%/-2%(阴),-3%,-5%,-3%,-1%,-2%,-2%,-3%
300560,中富通,2019-04-18,11.13,-0.67,6.03,2.81,8.74,158.78%,112.41%,-3%/1%(阳),-1%,-1%,3%,2%,2%,-1%,-10%
300562,乐心股份,2019-12-12,10.97,-3.39,6.38,4.18,11.33,111.42%,101.3%,-2%/2%(阴),5%,4%,5%,5%,12%,8%,7%
300572,安车检测,2019-03-04,10.53,2.09,6.33,4.17,10.54,174.49%,168.58%,-1%/2%(阳),4%,2%,5%,14%(板),24%,22%,20%
300578,会畅科技,2019-02-25,10.52,2.41,6.59,2.96,9.45,113.53%,103.03%,-3%/9%(阳),10%,8%,9%,11%,8%,19%(板),30%
300579,数字认证,2020-04-20,12.24,0.55,9.82,7.67,12.19,134.24%,101.91%,-5%/-1%(阴),-1%,5%,-3%,-7%,-9%,-12%,-10%
300611,美力科技,2020-07-13,10.27,8.62,13.59,2.24,12.79,175.37%,104.42%,-4%/2%(阳),2%,0%,-7%,-1%,-4%,-4%,-9%
300622,博士眼镜,2017-10-17,9.84,-3.95,6.97,7.71,10.26,258.54%,183.8%,-4%/3%(阳),1%,-1%,-2%,-3%,-4%,1%,1%
300639,凯普生物,2019-08-19,10.31,4.31,3.69,3.89,5.15,169.09%,105.39%,-3%/0%(阴),-2%,-1%,0%,-1%,0%,-1%,-3%
300641,正丹股份,2018-10-12,10.91,-4.55,8.94,6.3,14.31,228.29%,129.82%,-6%/-3%(阴),-6%,-6%,-22%,-24%,-20%,-21%,-21%
300656,民德电子,2020-02-11,12.02,0.32,6.86,2.23,9.03,172.88%,106.63%,-2%/5%(阳),4%,3%,9%,6%,5%,5%,5%
300709,精研科技,2020-02-24,9.92,6.79,9.24,2.46,11.72,117.9%,103.81%,-8%/4%(阳),-3%,-5%,-7%,-9%,-8%,-14%,-15%
300722,新余国科,2019-08-26,10.09,-4.11,3.76,3.44,10.12,133.84%,117.44%,-1%/2%(阳),7%,2%,3%,9%,9%,7%,7%
300742,未找到标的,2019-09-23,10.42,-4.07,8.41,6.98,9.98,133.07%,104.79%,-2%/0%(阳),-1%,-2%,6%,1%,0%,-2%,0%
300769,德方纳米,2019-07-09,10.16,-4.76,5.62,4.35,10.05,112.3%,106.46%,-1%/9%(阳),8%,6%,9%(板),10%,8%,8%,4%
