股票代码,股票名称,D-0日期,D-2涨幅,D-2振幅,D-1涨幅,D-1振幅,D-0振幅,D-0/D-2成交额百分比,T+0(低/高),T+1最高价,T+2最高价,T+3最高价,T+4最高价,T+5最高价,T+6最高价
688002,睿创微纳,2022-08-05,3.5,9.95,-1.14,3.81,18.18,174.45%,3%/13%(阳),12%,13%,15%,15%,12%,11%
688003,天准科技,2024-11-13,18.3,19.25,1.37,9.19,20.11,160.91%,-4%/9%(阴),-2%,-8%,-10%,-3%,-5%,-9%
688005,容百科技,2025-11-17,5.36,7.85,-1.86,2.66,8.14,176.41%,-6%/9%(阴),6%,4%,-4%,-12%,-12%,-14%
688022,ST瀚川,2021-11-09,6.14,12.67,4.13,4.37,19.97,350.55%,-2%/5%(阳),9%,22%(板),34%,48%,51%,49%
688028,沃尔德,2024-12-05,15.06,17.04,-3.88,8.26,17.61,166.07%,-7%/2%(阴),-3%,-6%,-7%,-10%,-7%,-10%
688047,龙芯中科,2022-08-05,6.91,11.87,2.27,4.37,20.0,205.93%,-11%/-2%(阴),-9%,-9%,-10%,-10%,-14%,-15%
688102,斯瑞新材,2022-11-28,6.82,9.75,-4.2,7.3,17.08,274.94%,-2%/4%(阳),4%,-3%,0%,-4%,-5%,-7%
688128,中国电研,2023-05-08,-1.62,10.99,-3.33,3.74,19.83,146.89%,-3%/12%(阴),1%,3%,-5%,-6%,-7%,-8%
688167,炬光科技,2023-11-09,6.2,8.92,0.13,4.36,8.11,177.92%,-3%/10%(阳),5%,10%,11%,16%,17%,16%
688171,纬德信息,2025-05-07,5.02,10.55,6.98,6.49,18.24,185.99%,-6%/19%(阳),18%,13%,23%,22%,16%,22%
688202,美迪西,2025-07-08,8.07,11.66,-2.76,3.07,20.45,162.66%,1%/20%(阳),15%,23%,18%,13%,12%,30%
688227,品高股份,2025-02-07,15.44,9.69,-1.85,10.81,20.2,163.94%,-1%/11%(阳),25%,12%,7%,14%,17%,12%
688227,品高股份,2026-04-16,9.41,13.63,5.87,9.69,21.38,185.45%,14%/19%(板),43%,36%,33%,38%,43%,47%
688292,浩瀚深度,2026-01-14,9.27,10.44,0.49,8.48,21.69,205.21%,-8%/9%(阴),3%,6%,-4%,-12%,-15%,-1%
688316,青云科技,2021-05-31,8.72,9.8,-1.05,3.86,16.09,120.74%,7%/20%(板),44%,32%,27%,19%,17%,9%
688333,铂力特,2020-07-09,6.8,11.84,1.12,5.7,15.31,196.45%,-7%/2%(阴),-6%,4%,4%,-7%,-13%,-8%
688365,光云科技,2023-03-16,7.01,14.66,2.69,10.03,25.14,175.38%,-2%/15%(阳),8%,12%,18%,16%,14%,32%
688368,晶丰明源,2020-01-20,4.28,7.13,6.5,8.88,18.42,153.18%,-12%/-1%(阴),3%,5%,-12%,-13%,-6%,-8%
688379,华光新材,2025-02-24,7.64,8.47,1.07,4.53,18.4,126.01%,3%/12%(阴),7%,3%,-1%,-8%,-9%,-9%
688390,固德威,2020-12-25,5.81,8.36,-5.41,5.88,18.48,138.28%,-3%/3%(阴),-1%,-5%,-2%,11%,10%,17%
688390,固德威,2021-07-29,-7.32,11.99,8.89,15.06,19.77,104.33%,0%/19%(阳),13%,2%,-6%,-4%,1%,4%
688411,海博思创,2025-11-13,13.0,10.26,5.17,11.29,19.09,131.85%,-3%/12%(阳),0%,-6%,-15%,-15%,-21%,-18%
688419,耐科装备,2023-04-14,4.72,7.18,-6.2,5.72,19.35,173.36%,-3%/10%(阴),3%,2%,3%,-2%,-8%,-10%
688456,有研粉材,2026-06-10,7.4,21.35,1.23,5.89,22.95,161.04%,-4%/19%(阳),22%,26%,39%,41%,38%,33%
688528,秦川物联,2024-09-26,3.75,4.18,0.97,2.36,0.0,167.27%,10%/19%(阴),42%,60%,35%,19%,15%,21%
688533,上声电子,2021-11-04,6.68,12.36,5.27,7.59,19.17,250.58%,4%/20%(板),44%(板),50%,50%,77%,82%,105%
688561,奇安信,2021-07-12,12.8,17.14,-3.01,4.62,16.18,198.97%,-4%/4%(阴),6%,2%,1%,-8%,-15%,-16%
688573,信宇人,2025-02-20,-1.05,5.21,1.66,3.32,19.98,484.15%,-6%/-2%(阳),9%,9%,10%,9%,19%,26%
688609,九联科技,2024-09-30,5.32,9.84,6.7,6.7,10.92,154.17%,14%/20%(板),31%,21%,6%,13%,18%,6%
688657,浩辰软件,2025-08-20,7.42,5.61,1.1,3.56,18.58,125.21%,-7%/5%(阴),-5%,-4%,-7%,-6%,-9%,-6%
688669,聚石化学,2021-09-28,11.22,22.72,-6.25,10.88,20.03,126.32%,-13%/6%(阴),1%,-1%,-7%,-15%,-18%,-21%
688677,海泰新光,2026-08-17,-8.91,20.56,3.79,6.59,22.57,124.0%,-3%/11%(阳),5%,3%,5%,1%,-4%,2%
688680,海优新材,2025-03-10,12.17,16.89,-2.61,4.73,18.98,210.65%,-3%/18%(阳),22%,17%,16%,15%,17%,14%
688690,纳微科技,2026-04-10,5.31,3.91,-2.52,3.56,6.13,510.59%,2%/7%(阳),5%,2%,-2%,1%,4%,3%
688699,明微电子,2026-01-22,2.04,5.84,2.21,4.98,20.45,314.85%,-8%/-3%(阴),-4%,11%,29%,22%,20%,12%
688709,成都华微,2024-12-06,8.76,11.35,8.86,19.49,23.05,133.49%,-12%/-5%(阴),4%,13%,4%,5%,2%,-8%
688766,普冉股份,2025-09-16,10.8,14.94,1.51,6.18,8.77,167.16%,-2%/8%(阳),1%,6%,6%,4%,4%,2%
300005,探路者,2022-05-20,6.14,11.43,-1.62,4.05,20.0,270.43%,-8%/1%(阴),-7%,-8%,-7%,-4%,-1%,-6%
300011,鼎汉技术,2021-09-03,5.75,10.16,1.64,5.56,9.45,220.59%,10%/19%(板),34%,20%,11%,1%,-4%,-3%
300029,未找到标的,2021-07-05,5.57,8.95,4.9,6.78,18.85,178.93%,-6%/7%(阴),14%,13%,7%,2%,-1%,-6%
300040,九洲集团,2024-05-10,5.42,14.75,1.65,3.29,19.84,237.23%,-1%/8%(阳),2%,2%,-2%,-1%,0%,4%
300058,蓝色光标,2024-11-11,0.12,6.14,-3.19,4.42,20.91,125.5%,-1%/9%(阳),17%,7%,14%,4%,-5%,13%
300067,安诺其,2024-09-13,4.02,11.15,1.19,6.55,23.53,171.08%,-10%/-5%(阴),0%,5%,-2%,1%,7%,4%
300071,福石控股,2022-11-10,5.65,9.97,1.89,7.55,19.14,188.69%,6%/20%(阴),35%(板),36%,53%,45%,39%,30%
300082,奥克股份,2025-11-11,4.58,8.63,-2.95,3.77,23.4,201.11%,-1%/16%(阳),25%,14%,12%,5%,0%,-4%
300123,ST亚光,2025-11-19,4.36,3.19,-2.41,2.25,20.43,396.17%,-6%/-1%(阴),-1%,4%,1%,-3%,-7%,5%
300127,银河磁体,2024-11-01,-0.05,8.94,-3.49,7.25,19.2,150.91%,-5%/18%(阴),28%(板),54%(板),75%,66%,47%,59%
300131,英唐智控,2020-10-22,7.18,7.44,-0.48,4.31,15.87,232.52%,0%/9%(阳),19%,11%,7%,8%,17%,12%
300135,宝利国际,2024-10-30,16.86,20.0,-7.09,10.76,22.89,109.63%,-3%/9%(阴),-2%,-12%,-9%,-2%,9%,2%
300162,雷曼光电,2021-04-26,3.61,3.8,-4.03,4.4,19.47,388.13%,-4%/10%(阴),3%,-1%,1%,0%,5%,5%
300165,天瑞仪器,2021-11-29,2.19,3.29,-1.93,4.51,20.13,1171.83%,5%/20%(板),44%(板),54%,44%,24%,20%,18%
300170,汉得信息,2026-01-12,13.35,18.75,8.03,9.44,18.46,110.54%,0%/14%(阴),14%,7%,2%,-7%,-4%,-7%
300174,元力股份,2026-05-22,14.41,20.27,-6.0,6.69,17.85,105.65%,-4%/12%(阴),-2%,4%,20%,26%,28%,23%
300175,朗源股份,2023-06-09,5.81,8.87,0.58,2.6,22.41,362.73%,4%/15%(阴),4%,0%,-3%,-6%,-6%,-8%
300177,中海达,2024-09-27,3.8,9.36,0.56,5.35,20.59,191.28%,8%/19%(板),43%(板),72%,51%,40%,34%,50%
300189,神农种业,2024-08-08,7.33,10.99,-4.39,4.88,21.43,184.38%,-8%/6%(阳),-3%,-3%,-5%,-4%,-6%,-3%
300199,翰宇药业,2025-08-04,7.02,10.79,-0.78,8.08,23.83,142.96%,3%/13%(阴),6%,0%,1%,4%,3%,3%
300213,佳讯飞鸿,2023-02-01,1.17,1.56,0.39,1.54,19.96,1379.84%,-2%/8%(阴),5%,5%,2%,0%,-3%,1%
300214,日科化学,2021-09-22,4.07,7.51,0.49,4.89,13.99,407.41%,-10%/-4%(阴),-13%,-18%,-20%,-22%,-24%,-22%
300220,金运激光,2021-07-23,10.26,18.43,-4.94,8.19,21.51,166.88%,-8%/-2%(阴),-5%,-18%,-20%,-12%,-12%,-8%
300233,金城医药,2025-03-12,10.19,9.97,-2.04,3.47,13.06,225.07%,1%/9%(阳),13%,23%,21%,24%,16%,10%
300247,融捷健康,2021-12-29,6.96,10.58,-2.34,3.91,20.0,193.15%,3%/15%(阳),11%,6%,1%,-3%,-4%,-2%
300251,光线传媒,2025-06-16,4.64,8.23,-2.8,2.53,19.38,156.69%,-5%/3%(阴),-5%,-8%,-11%,-13%,-13%,-13%
300255,常山药业,2021-08-03,8.96,14.5,2.84,7.47,7.99,298.32%,-5%/15%(阳),11%,0%,-6%,-6%,-7%,-9%
300256,星星科技,2023-09-07,0.32,10.13,-2.52,5.05,21.04,145.09%,0%/11%(阳),2%,1%,0%,-3%,-9%,-13%
300264,佳创视讯,2024-07-10,7.16,17.39,0.0,10.02,24.82,226.22%,-5%/6%(阳),-2%,-4%,-8%,-5%,-11%,-9%
300269,联建光电,2021-07-08,4.85,8.58,1.42,7.83,14.39,217.19%,1%/19%(阴),9%,5%,1%,-2%,4%,9%
300274,阳光电源,2021-07-29,-11.35,15.09,3.81,8.9,17.1,131.05%,2%/14%(阳),8%,1%,-1%,0%,5%,3%
300293,蓝英装备,2021-07-29,2.84,8.01,-4.55,11.72,18.86,103.78%,3%/11%(阴),24%,13%,13%,7%,5%,4%
300302,同有科技,2026-03-18,7.79,8.71,-1.66,3.18,19.43,221.1%,5%/14%(阳),11%,-5%,-8%,-6%,-11%,-14%
300302,同有科技,2026-05-11,11.88,15.54,5.56,10.53,7.32,110.23%,0%/7%(阴),3%,8%,11%,25%(板),45%,38%
300303,聚飞光电,2026-02-26,5.25,7.54,-0.9,2.43,20.0,328.2%,-3%/2%(阳),0%,6%,12%,34%(板),26%,14%
300311,任子行,2021-11-30,1.86,9.56,-3.91,1.96,18.45,182.66%,8%/17%(阳),17%,9%,-1%,-3%,-2%,2%
300317,珈伟新能,2020-08-27,9.76,12.93,-1.68,11.06,24.21,171.35%,-6%/14%(阴),4%,21%,25%,18%,24%,33%
300318,博晖创新,2025-11-12,1.71,2.91,1.01,1.85,19.67,864.67%,3%/19%(阳),13%,11%,11%,12%,4%,-3%
300319,麦捷科技,2023-10-13,3.73,5.33,0.41,2.88,20.78,306.39%,-5%/3%(阴),-3%,-1%,-7%,-10%,-11%,-9%
300324,旋极信息,2025-09-01,12.5,15.79,-5.99,5.41,8.55,111.27%,-1%/8%(阳),4%,-4%,-14%,-13%,-16%,-17%
300340,科恒股份,2024-09-04,3.47,11.56,1.26,6.84,20.0,125.11%,3%/16%(阳),5%,-6%,-10%,-5%,-8%,-11%
300364,中文在线,2023-03-24,8.8,10.2,-1.36,4.35,19.08,168.27%,1%/12%(阳),27%,22%,21%,30%,38%,37%
300400,劲拓股份,2024-08-23,6.21,10.18,-6.29,5.32,22.62,181.45%,-5%/8%(阳),-2%,-1%,2%,6%,3%,3%
300402,宝色股份,2023-12-11,4.44,6.75,-3.34,6.35,20.22,221.99%,-3%/4%(阴),-1%,-6%,-8%,-9%,-6%,-8%
300418,昆仑万维,2023-03-24,10.3,15.48,1.78,6.81,20.86,115.6%,-5%/7%(阳),1%,-2%,-4%,15%,25%,26%
300436,广生堂,2021-12-24,5.05,9.93,0.09,3.1,20.94,283.57%,6%/20%(板),41%,33%,27%,28%,25%,13%
300452,山河药辅,2021-12-27,7.66,12.43,1.26,8.26,22.59,200.99%,-7%/6%(阴),4%,0%,7%,3%,-6%,-10%
300458,全志科技,2021-06-17,4.53,6.61,-1.49,9.16,18.57,151.01%,-1%/4%(阴),4%,5%,19%,15%,11%,20%
300464,星徽股份,2024-11-15,0.95,6.45,-3.76,4.51,20.31,254.92%,-9%/0%(阴),-8%,-7%,-1%,0%,-7%,-9%
300466,赛摩智能,2025-03-11,0.81,9.31,-2.08,5.2,21.93,108.51%,-4%/2%(阴),-3%,-4%,-7%,-7%,-4%,-6%
300471,厚普股份,2021-08-11,-0.76,16.6,1.02,9.25,20.33,130.26%,2%/13%(阳),24%,40%(板),53%,43%,34%,21%
300474,景嘉微,2023-02-09,5.85,7.69,-1.67,7.21,23.47,170.68%,-3%/5%(阴),7%,5%,6%,1%,-4%,-8%
300479,神思电子,2024-12-10,4.37,8.21,-3.44,8.19,19.47,133.16%,0%/8%(阴),5%,1%,-5%,-10%,-12%,-9%
300483,首华燃气,2022-02-24,9.67,10.06,-2.92,2.44,16.93,278.27%,-5%/8%(阳),11%,-3%,6%,8%,1%,6%
300500,启迪设计,2021-03-09,3.93,4.29,-2.06,3.78,12.11,331.49%,2%/14%(阴),8%,0%,-2%,1%,0%,4%
300504,天邑股份,2024-08-16,15.78,21.16,-2.13,7.62,14.09,160.51%,-1%/15%(阴),-1%,-1%,-3%,2%,7%,-1%
300508,维宏股份,2025-02-25,3.49,6.54,0.35,3.4,22.09,182.29%,-1%/8%(阴),0%,-5%,-9%,-9%,-9%,-4%
300511,雪榕生物,2024-08-19,6.73,18.52,-3.79,4.42,20.98,178.02%,-11%/-4%(阴),-11%,-13%,-21%,-23%,-13%,-19%
300514,友讯达,2021-09-30,8.88,20.72,-5.44,6.5,19.2,107.78%,-2%/9%(阴),2%,0%,-3%,-4%,-5%,-8%
300515,三德科技,2022-11-18,8.89,9.3,0.15,3.43,20.64,247.01%,0%/6%(阳),12%,6%,2%,-1%,-2%,-5%
300516,久之洋,2021-06-24,1.74,6.56,-2.94,2.19,21.14,204.73%,-7%/-4%(阴),-5%,-5%,-8%,-5%,5%,-5%
300518,新迅达,2024-08-19,3.24,6.36,-2.14,3.02,22.34,315.59%,1%/20%(板),31%,3%,-9%,-9%,-12%,-11%
300528,幸福蓝海,2025-07-24,6.71,8.16,1.02,5.18,17.16,155.86%,-2%/9%(阴),23%(板),47%(板),77%(板),98%,72%,46%
300541,先进数通,2022-01-17,6.85,11.01,0.68,4.71,14.5,152.69%,2%/15%(阴),21%,15%,8%,14%,8%,4%
300546,雄帝科技,2021-05-21,7.36,18.16,-3.53,3.79,21.33,123.13%,1%/18%(阳),21%,20%,18%,12%,10%,29%
300551,古鳌科技,2025-12-17,3.14,12.92,-0.92,5.45,23.5,121.11%,-4%/4%(阴),3%,0%,-4%,-4%,-3%,10%
300552,万集科技,2022-06-06,2.88,4.96,1.92,3.95,14.58,259.5%,-6%/9%(阴),5%,5%,4%,6%,20%,16%
300561,汇金科技,2025-08-13,7.8,9.34,3.82,7.07,19.98,103.6%,-3%/9%(阴),17%,27%,21%,20%,20%,14%
300565,科信技术,2020-11-09,7.67,11.09,-7.89,7.29,19.69,107.65%,3%/19%(阴),-3%,-10%,-15%,-14%,-16%,-13%
300576,容大感光,2021-07-29,-0.94,10.71,2.39,16.01,20.62,133.78%,4%/15%(阳),13%,9%,1%,-4%,-3%,-6%
300585,奥联电子,2022-06-20,13.54,16.63,2.07,8.94,21.84,229.6%,5%/20%(阴),11%,18%,10%,6%,11%,-2%
300624,万兴科技,2025-02-05,12.69,15.42,-0.54,7.41,10.44,123.8%,-7%/-2%(阴),5%,1%,-2%,-5%,1%,-1%
300629,新劲刚,2021-07-27,2.91,7.61,-2.65,6.39,20.86,220.43%,-6%/7%(阴),4%,3%,16%,17%,9%,18%
300637,扬帆新材,2023-11-09,3.29,7.56,-0.74,4.14,19.87,140.17%,-9%/-2%(阴),-4%,-6%,2%,15%(板),16%,11%
300652,雷迪克,2021-10-28,12.19,16.94,0.66,7.96,23.21,172.64%,-12%/-6%(阴),-11%,-6%,-9%,-10%,-10%,-10%
300654,世纪天鸿,2024-03-22,11.26,18.51,-1.09,7.86,19.86,137.39%,-12%/-3%(阴),-10%,-10%,-8%,-7%,-4%,-8%
300656,民德电子,2020-09-04,2.64,5.16,-1.57,3.66,23.23,415.2%,5%/18%(阳),18%,9%,-1%,0%,11%,3%
300661,圣邦股份,2021-07-29,-1.04,12.63,-2.24,8.05,20.02,134.59%,0%/14%(阳),8%,3%,16%,16%,11%,6%
300672,国科微,2024-05-30,7.22,15.81,-0.7,3.79,21.43,198.62%,-2%/8%(阳),5%,2%,10%,8%,4%,8%
300683,海特生物,2025-07-21,11.93,17.38,-3.81,5.39,18.77,173.12%,-2%/12%(阳),28%,21%,26%,19%,36%,38%
300689,澄天伟业,2024-06-21,5.26,9.87,-4.59,4.31,0.0,158.87%,-1%/14%(阳),1%,-7%,-9%,-12%,-15%,-16%
300697,电工合金,2023-11-24,1.96,7.2,1.83,3.84,6.93,190.63%,-5%/6%(阴),2%,0%,-10%,-10%,-6%,-4%
300713,英可瑞,2023-05-10,3.42,5.35,-5.81,4.36,22.01,214.82%,4%/13%(阳),8%,26%(板),52%,56%,50%,53%
300718,长盛轴承,2025-07-21,5.01,9.94,-1.01,2.72,14.71,160.73%,-2%/7%(阴),3%,1%,0%,0%,2%,-1%
300727,润禾材料,2024-12-26,8.85,8.6,-5.66,10.17,20.02,238.8%,-6%/0%(阴),-2%,-8%,-12%,-14%,-21%,-19%
300745,欣锐科技,2025-10-30,1.71,5.19,2.18,5.1,20.0,259.53%,-6%/-2%(阴),-5%,-8%,-1%,-2%,-3%,-5%
300757,罗博特科,2026-02-03,12.9,15.62,-6.68,8.17,12.09,158.27%,-4%/2%(阴),-4%,-3%,5%,2%,-2%,5%
300791,仙乐健康,2020-08-27,10.42,12.38,-3.3,9.88,21.77,118.08%,-6%/2%(阴),-1%,-1%,3%,1%,4%,7%
300796,贝斯美,2025-05-29,12.43,18.37,-4.48,6.27,22.94,265.89%,-11%/6%(阳),-3%,-4%,-1%,-1%,11%,27%
300803,指南针,2025-08-15,3.12,9.38,-4.47,5.42,20.75,154.98%,2%/19%(阳),17%,15%,20%,29%,41%,44%
300814,中富电路,2023-11-17,3.39,7.8,-4.43,3.98,21.75,155.18%,3%/13%(阳),8%,0%,-5%,-7%,-10%,-7%
300816,艾可蓝,2025-02-13,6.13,8.66,-1.71,3.76,19.98,195.13%,4%/19%(板),42%,16%,18%,15%,11%,10%
300817,双飞集团,2020-09-01,13.34,21.25,-3.52,9.48,21.75,119.03%,-5%/14%(阴),-2%,-8%,-2%,-3%,2%,-2%
300820,英杰电气,2021-10-28,7.27,9.21,2.1,7.5,20.85,225.68%,1%/10%(阴),10%,9%,8%,12%,9%,9%
300821,东岳硅材,2020-09-09,2.78,8.0,1.72,6.55,21.82,254.13%,-19%/-4%(阴),-16%,-10%,-4%,-7%,-8%,-11%
300821,东岳硅材,2021-08-18,16.96,21.64,-6.05,10.5,19.48,137.53%,-10%/-2%(阳),7%,23%,28%,38%,43%,37%
300821,东岳硅材,2025-07-02,2.88,4.32,-1.4,1.78,21.29,443.72%,-6%/-1%(阴),1%,-3%,16%,14%,24%,15%
300827,上能电气,2025-11-13,5.27,13.94,-1.48,9.45,19.17,130.01%,1%/10%(阳),3%,-3%,-8%,-4%,-11%,-14%
300830,金现代,2021-06-16,3.67,6.8,-3.64,3.23,20.19,163.52%,-7%/2%(阴),-4%,-5%,-6%,-8%,-2%,-6%
300831,ST派瑞,2020-11-03,3.09,13.57,6.58,13.2,22.4,226.2%,-11%/-4%(阴),-8%,-12%,-6%,-4%,-8%,-12%
300840,酷特智能,2022-07-06,2.43,7.83,0.43,7.1,21.86,306.44%,-6%/-1%(阴),-2%,-3%,-5%,-9%,-6%,-9%
300843,胜蓝股份,2020-10-30,6.89,10.97,-1.9,4.2,20.71,158.48%,8%/20%(板),37%,20%,10%,11%,3%,2%
300843,胜蓝股份,2024-12-24,3.25,8.16,-3.92,6.62,20.31,354.34%,-3%/2%(阴),8%,4%,11%,2%,-5%,-9%
300852,四会富仕,2021-07-27,-0.13,4.82,-5.85,5.5,19.87,475.94%,-13%/-1%(阴),11%(板),26%,33%,26%,22%,17%
300877,金春股份,2025-10-10,4.23,7.53,0.65,5.26,21.95,137.66%,-8%/7%(阳),5%,7%,2%,-3%,-5%,-10%
300882,万胜智能,2022-07-08,2.07,9.47,2.3,5.09,6.0,294.39%,-1%/16%(阳),18%,16%,19%,14%,11%,10%
300894,火星人,2024-04-16,15.13,16.32,-3.67,8.02,23.12,151.89%,-5%/15%(阳),10%,10%,12%,0%,-5%,-7%
300903,科翔股份,2025-06-18,12.8,19.5,-2.42,7.27,21.56,186.82%,-1%/11%(阴),5%,3%,8%,3%,17%,10%
300913,兆龙互连,2024-03-19,9.31,14.13,0.21,6.3,21.31,174.07%,5%/18%(阳),16%,29%,20%,13%,1%,0%
300918,南山智尚,2025-05-06,10.7,16.47,0.34,5.12,17.86,111.12%,-4%/9%(阴),1%,-5%,-7%,-6%,-8%,-9%
300942,易瑞生物,2022-12-02,13.31,18.8,-4.59,7.95,19.86,149.0%,-9%/-1%(阳),-4%,-10%,-9%,-1%,-3%,-10%
300963,中洲特材,2025-03-25,4.42,7.53,-4.33,7.69,20.8,103.25%,0%/7%(阴),-2%,-3%,14%,27%(板),32%,32%
300989,蕾奥规划,2023-03-09,2.29,3.98,0.73,2.43,20.92,437.24%,1%/17%(阳),8%,1%,1%,3%,-1%,-4%
301011,华立科技,2024-11-25,7.93,11.28,-1.48,8.28,20.88,176.37%,7%/19%(板),43%(板),72%,63%,52%,46%,35%
301016,雷尔伟,2026-01-06,8.77,11.95,-2.17,3.72,19.56,164.87%,-6%/4%(阴),-5%,-9%,-9%,-4%,10%,5%
301022,海泰科,2025-02-28,2.82,4.15,0.25,5.49,9.92,231.08%,1%/16%(阳),5%,7%,13%,6%,3%,1%
301024,霍普股份,2025-11-05,6.13,13.96,-2.75,5.82,12.25,133.92%,-7%/6%(阴),-5%,-1%,-4%,-6%,-8%,-8%
301036,双乐股份,2023-09-08,11.49,13.86,-6.17,7.3,17.19,145.18%,-9%/5%(阳),-5%,-7%,-9%,-12%,-15%,-17%
301058,中粮科工,2021-12-15,-3.34,13.44,0.83,5.79,21.92,176.14%,-8%/-1%(阴),-4%,-2%,-3%,2%,11%,6%
301075,多瑞医药,2022-12-12,4.05,8.67,0.26,5.46,15.62,197.63%,4%/20%(板),32%,39%,56%,53%,40%,33%
301075,多瑞医药,2023-08-11,5.09,15.19,0.6,5.14,21.41,213.67%,-3%/9%(阴),-1%,-2%,-9%,-15%,-18%,-19%
301091,深城交,2022-02-18,6.25,8.5,-4.96,4.32,21.49,164.75%,-5%/8%(阴),-3%,-9%,-4%,-5%,-5%,-6%
301092,争光股份,2022-06-07,3.03,6.34,2.15,4.03,21.47,738.35%,7%/20%(板),23%,10%,7%,5%,0%,-2%
301118,恒光股份,2024-07-08,4.42,15.77,-1.65,7.7,15.77,178.53%,-9%/-4%(阴),-11%,-2%,-7%,-5%,-10%,-8%
301120,新特电气,2024-03-06,2.34,9.01,-4.67,5.0,21.89,140.29%,-2%/9%(阴),5%,9%,9%,6%,3%,3%
301136,招标股份,2023-08-28,5.86,9.01,-3.89,7.72,23.02,236.08%,-5%/15%(阳),7%,4%,-6%,-13%,-15%,-16%
301169,零点有数,2024-09-27,2.17,8.72,2.53,6.41,20.2,227.53%,3%/19%(板),43%(板),42%,41%,15%,15%,15%
301177,迪阿股份,2026-01-28,2.3,5.68,-2.0,6.92,19.85,227.7%,1%/13%(阴),-3%,-10%,-14%,-11%,-14%,-13%
301179,泽宇智能,2023-05-24,4.39,12.72,-5.77,6.54,17.85,124.12%,-8%/11%(阴),-4%,0%,-3%,-8%,-10%,-10%
301180,万祥科技,2024-05-31,11.44,22.66,-6.0,6.33,15.52,169.98%,-10%/0%(阳),-9%,-15%,-16%,-24%,-24%,-16%
301197,工大科雅,2025-06-05,1.44,5.75,0.74,1.6,20.97,517.85%,-9%/-2%(阴),-7%,-2%,6%,1%,4%,13%(板)
301201,诚达药业,2025-04-01,1.69,8.47,-0.78,5.34,19.52,357.44%,-5%/-2%(阴),3%,-4%,-7%,-13%,-11%,-7%
301209,联合化学,2025-04-28,14.34,21.45,0.88,7.78,20.14,103.23%,5%/19%(阳),19%,14%,12%,34%,30%,19%
301211,亨迪药业,2026-08-19,2.13,8.87,-2.57,4.98,20.96,267.16%,-9%/3%(阴),-11%,-14%,-6%,-8%,-9%,-11%
301225,恒勃股份,2023-09-28,0.14,8.24,-7.62,6.01,19.76,191.99%,13%/19%(板),20%,3%,0%,0%,4%,-4%
301228,实朴检测,2024-03-26,7.2,12.59,-9.31,7.48,22.29,118.62%,-3%/8%(阴),7%,16%,10%,18%,13%,7%
301235,华康洁净,2024-03-20,6.2,6.15,-1.07,4.11,20.93,432.88%,-7%/-2%(阴),-5%,-9%,-12%,-10%,-14%,-13%
301248,杰创智能,2023-02-09,2.6,5.59,-2.11,2.29,23.08,235.54%,-6%/4%(阴),6%,-4%,-6%,0%,-1%,-1%
301280,珠城科技,2023-02-14,1.63,4.36,-0.12,1.48,16.92,335.85%,-4%/3%(阴),-3%,-7%,-6%,-8%,-8%,-7%
301281,科源制药,2025-02-24,2.38,5.36,-0.83,2.98,20.8,422.63%,-6%/0%(阴),0%,-2%,-4%,-6%,-8%,-4%
301292,海科新源,2025-06-19,5.83,9.53,0.0,3.37,21.37,305.64%,9%/19%(板),37%,37%,31%,35%,24%,15%
301300,远翔新材,2024-12-02,7.87,10.49,-0.49,6.08,21.57,180.52%,-7%/7%(阴),-10%,-13%,-13%,-11%,-9%,-14%
301310,鑫宏业,2026-06-18,19.07,21.52,5.24,10.78,19.94,139.53%,-4%/6%(阴),-2%,15%(板),23%,21%,25%,31%
301315,威士顿,2025-10-29,8.63,13.03,-3.93,3.92,21.81,189.29%,-5%/-1%(阴),-4%,-6%,-4%,-5%,0%,-5%
301316,慧博云通,2023-08-01,8.98,13.06,-3.28,3.7,21.04,175.93%,-7%/4%(阳),15%,31%,27%,19%,22%,31%
301319,唯特偶,2026-04-17,1.51,6.05,3.24,24.09,19.11,240.44%,-4%/8%(阳),9%,15%,18%,16%,15%,5%
301349,信德新材,2024-11-13,15.99,19.36,-4.91,10.1,21.51,107.37%,-11%/1%(阴),-6%,-8%,-16%,-15%,-15%,-16%
301386,未来电器,2023-07-12,5.22,8.11,1.11,4.93,21.83,186.89%,6%/17%(阳),25%,19%,8%,14%,9%,-3%
301500,飞南资源,2026-01-28,2.04,3.55,0.29,4.45,16.03,308.31%,4%/18%(阳),5%,-4%,-3%,1%,-6%,-6%
301526,国际复材,2025-07-08,8.09,16.71,1.45,10.14,22.86,125.65%,4%/15%(阴),18%,8%,0%,-1%,-3%,0%
301567,贝隆精密,2025-12-01,4.66,6.04,-3.13,3.8,20.77,182.95%,0%/14%(阴),2%,-6%,-6%,-5%,-6%,-11%
